CLIENTNUM,Attrition_Flag,Customer_Age,Gender,Dependent_count,Education_Level,Marital_Status,Income_Category,Card_Category,Months_on_book,Total_Relationship_Count,Months_Inactive_12_mon,Contacts_Count_12_mon,Credit_Limit,Total_Revolving_Bal,Avg_Open_To_Buy,Total_Amt_Chng_Q4_Q1,Total_Trans_Amt,Total_Trans_Ct,Total_Ct_Chng_Q4_Q1,Avg_Utilization_Ratio,Naive_Bayes_Classifier_Attrition_Flag_Card_Category_Contacts_Count_12_mon_Dependent_count_Education_Level_Months_Inactive_12_mon_1,Naive_Bayes_Classifier_Attrition_Flag_Card_Category_Contacts_Count_12_mon_Dependent_count_Education_Level_Months_Inactive_12_mon_2
716273133,Existing Customer,41,F,3,Graduate,Married,Less than $40K,Blue,36,2,2,3,1593.0,0,1593.0,0.61,4853,78,0.592,0.0,0.00019864,0.9998
771411408,Attrited Customer,50,M,1,Post-Graduate,Unknown,$80K - $120K,Blue,38,2,3,4,2673.0,0,2673.0,1.043,4929,54,0.459,0.0,0.99825,0.00175068
750690258,Existing Customer,49,F,2,Graduate,Married,Less than $40K,Blue,39,2,3,3,2821.0,1995,826.0,0.62,8220,103,0.635,0.707,0.00030251,0.9997
710518308,Existing Customer,54,F,2,Doctorate,Married,Less than $40K,Blue,35,1,4,2,1685.0,0,1685.0,0.457,4155,85,0.667,0.0,0.00031455,0.99969
794528283,Existing Customer,44,M,4,College,Married,$60K - $80K,Blue,28,4,2,2,2748.0,878,1870.0,0.633,3383,67,0.558,0.32,0.00011605,0.99988
715236783,Existing Customer,42,F,4,College,Divorced,$40K - $60K,Blue,36,4,3,2,3734.0,2517,1217.0,0.724,4792,87,0.74,0.674,0.0001834,0.99982
772735758,Existing Customer,44,M,1,Unknown,Married,Unknown,Blue,34,6,2,0,2885.0,1895,990.0,0.387,1366,31,0.632,0.657,4.3319e-05,0.99996
716853258,Existing Customer,64,M,1,Graduate,Single,Less than $40K,Blue,45,5,3,2,4417.0,0,4417.0,0.904,4253,72,0.895,0.0,0.00016883,0.99983
816606333,Existing Customer,57,M,2,High School,Single,$80K - $120K,Blue,52,6,3,4,32409.0,0,32409.0,0.943,4218,66,0.571,0.0,0.00050163,0.9995
713675658,Existing Customer,36,F,1,High School,Single,Unknown,Blue,22,6,3,2,9817.0,848,8969.0,0.793,4636,85,0.848,0.086,0.00016413,0.99984
823578483,Existing Customer,44,F,4,High School,Single,Less than $40K,Blue,40,2,1,2,1438.3,1169,269.3,0.558,4429,78,0.529,0.813,5.6153e-05,0.99994
768196008,Existing Customer,54,M,1,Uneducated,Single,$60K - $80K,Blue,48,5,2,3,14948.0,2158,12790.0,0.844,3094,56,1.0,0.144,0.00018475,0.99982
718486608,Existing Customer,53,M,2,High School,Single,$120K +,Blue,36,2,2,2,21079.0,1431,19648.0,0.688,13930,96,0.655,0.068,0.00011065,0.99989
715298808,Existing Customer,40,M,2,High School,Divorced,$40K - $60K,Blue,32,1,3,2,7566.0,1618,5948.0,0.72,7570,88,0.544,0.214,0.00017486,0.99983
815840283,Existing Customer,51,F,2,Unknown,Married,Less than $40K,Blue,46,1,6,3,7744.0,1893,5851.0,0.813,16059,124,0.722,0.244,0.00026249,0.99974
711396483,Existing Customer,40,M,2,Graduate,Single,$40K - $60K,Blue,36,3,2,3,6033.0,0,6033.0,0.834,4505,74,0.721,0.0,0.00019143,0.99981
714577233,Existing Customer,50,F,3,Graduate,Married,$40K - $60K,Blue,41,2,3,1,4755.0,0,4755.0,0.776,15999,109,0.73,0.0,0.00011256,0.99989
806995683,Existing Customer,61,M,0,Doctorate,Single,$60K - $80K,Blue,56,4,1,3,4783.0,2517,2266.0,1.024,2870,50,1.174,0.526,0.00011504,0.99988
717257658,Existing Customer,41,M,3,Graduate,Single,$80K - $120K,Blue,29,2,2,1,9357.0,1942,7415.0,0.8,7971,84,0.787,0.208,7.1226e-05,0.99993
711237633,Attrited Customer,49,M,0,Graduate,Married,$60K - $80K,Blue,29,3,3,3,1460.0,0,1460.0,0.738,2329,36,0.5,0.0,0.99616,0.0038363
719859033,Attrited Customer,32,M,3,Graduate,Married,$40K - $60K,Blue,20,2,2,2,3264.0,0,3264.0,0.549,6439,63,0.75,0.0,0.99161,0.00839
716284308,Existing Customer,65,M,2,Graduate,Married,Unknown,Blue,55,3,2,2,6099.0,2175,3924.0,0.582,1319,34,0.545,0.357,0.00011382,0.99989
718661958,Existing Customer,41,M,3,College,Married,$80K - $120K,Blue,28,1,1,3,34516.0,1617,32899.0,0.625,13083,93,0.722,0.047,9.3457e-05,0.99991
719620983,Existing Customer,41,F,2,Unknown,Single,Less than $40K,Blue,29,6,3,0,2701.0,1839,862.0,0.765,4406,80,0.778,0.681,7.2936e-05,0.99993
713650683,Existing Customer,65,F,0,Graduate,Married,Less than $40K,Blue,56,4,1,4,3094.0,2266,828.0,0.724,1591,37,0.321,0.732,0.00013562,0.99986
773827008,Existing Customer,47,M,4,Uneducated,Single,$60K - $80K,Blue,41,6,2,2,2405.0,1540,865.0,0.469,1087,29,1.231,0.64,0.00012274,0.99988
720259308,Existing Customer,39,M,3,High School,Single,$80K - $120K,Blue,30,5,3,3,6347.0,569,5778.0,0.668,3927,82,0.577,0.09,0.00030516,0.99969
824816358,Existing Customer,36,F,1,Uneducated,Single,Less than $40K,Blue,32,2,3,2,3277.0,0,3277.0,0.84,14252,127,0.649,0.0,0.0001736,0.99983
712431183,Existing Customer,52,F,2,Uneducated,Single,Less than $40K,Blue,37,4,3,1,2164.0,0,2164.0,0.688,5282,80,0.818,0.0,0.00011153,0.99989
709971708,Attrited Customer,51,F,1,High School,Single,Unknown,Blue,41,3,3,2,9701.0,0,9701.0,1.024,9404,62,0.824,0.0,0.99395,0.00605
708780783,Existing Customer,43,F,3,Graduate,Single,$40K - $60K,Blue,33,4,3,3,2434.0,1169,1265.0,0.689,4739,76,0.81,0.48,0.0003139,0.99969
713029683,Existing Customer,64,M,0,Graduate,Single,Less than $40K,Blue,36,5,4,1,1873.0,468,1405.0,1.154,4738,82,0.608,0.25,0.0001125,0.99989
803132733,Existing Customer,54,F,1,Graduate,Married,Less than $40K,Blue,48,4,3,2,6814.0,1570,5244.0,0.653,1339,30,0.364,0.23,0.00016883,0.99983
709236633,Existing Customer,40,F,3,Uneducated,Divorced,$40K - $60K,Blue,28,3,1,3,6608.0,2270,4338.0,0.75,4033,58,0.657,0.344,9.8837e-05,0.9999
708863733,Existing Customer,35,M,3,Unknown,Single,$40K - $60K,Gold,19,1,1,3,22725.0,808,21917.0,0.779,13847,120,0.875,0.036,0.00012173,0.99988
713695158,Existing Customer,51,F,4,Uneducated,Divorced,Less than $40K,Blue,40,5,4,3,1562.0,1057,505.0,0.807,5019,78,0.696,0.677,0.00039421,0.99961
821356083,Existing Customer,54,F,3,Uneducated,Married,$40K - $60K,Blue,49,3,1,3,1626.0,0,1626.0,0.664,4830,87,0.642,0.0,9.8837e-05,0.9999
720457608,Existing Customer,41,F,4,Graduate,Married,Less than $40K,Blue,36,4,1,1,4632.0,0,4632.0,0.637,4306,63,0.75,0.0,3.4833e-05,0.99997
712064358,Existing Customer,38,M,1,Graduate,Married,$60K - $80K,Blue,36,6,3,4,2507.0,1544,963.0,0.906,1999,34,0.789,0.616,0.00048435,0.99952
714396558,Existing Customer,57,F,3,High School,Married,Less than $40K,Blue,51,6,2,3,1511.0,0,1511.0,0.678,4683,87,0.706,0.0,0.00019311,0.99981
713159133,Existing Customer,32,F,2,High School,Single,Less than $40K,Silver,23,4,2,2,14143.0,1472,12671.0,0.777,13785,117,0.648,0.104,9.9979e-05,0.9999
721483158,Existing Customer,47,M,3,Graduate,Married,$60K - $80K,Blue,29,4,3,3,7298.0,0,7298.0,0.589,4512,72,0.756,0.0,0.0003139,0.99969
716038533,Existing Customer,42,F,3,Graduate,Unknown,Less than $40K,Blue,32,3,1,2,7169.0,902,6267.0,0.834,1438,35,0.591,0.126,5.7151e-05,0.99994
778236858,Existing Customer,54,F,2,Graduate,Married,Unknown,Blue,42,4,1,1,11794.0,1018,10776.0,0.898,5547,87,0.706,0.086,3.3214e-05,0.99997
714983283,Attrited Customer,39,F,3,High School,Single,Less than $40K,Blue,36,6,1,3,3651.0,0,3651.0,0.977,862,19,1.111,0.0,0.98941,0.01059
709520058,Attrited Customer,53,M,5,Uneducated,Married,$120K +,Blue,38,4,2,2,19138.0,0,19138.0,0.482,2028,43,0.303,0.0,0.99179,0.00821
708928008,Existing Customer,34,F,2,High School,Single,$40K - $60K,Blue,36,2,3,1,1677.0,0,1677.0,0.7,4035,87,0.891,0.0,0.00010545,0.99989
715856208,Existing Customer,47,M,3,Graduate,Single,$60K - $80K,Blue,36,5,4,3,1896.0,1119,777.0,0.671,4028,76,0.767,0.59,0.00037935,0.99962
720237408,Existing Customer,59,M,1,Doctorate,Single,$80K - $120K,Blue,49,4,2,2,22715.0,707,22008.0,0.848,15004,117,0.887,0.031,0.0001546,0.99985
778671483,Existing Customer,33,F,3,Uneducated,Single,Less than $40K,Blue,13,5,3,3,1630.0,1008,622.0,0.695,4143,67,0.595,0.618,0.00032275,0.99968
789186858,Existing Customer,52,M,2,Graduate,Married,$80K - $120K,Blue,41,2,5,1,33256.0,928,32328.0,0.694,7796,97,0.59,0.028,0.00012116,0.99988
711881733,Existing Customer,55,F,1,Graduate,Married,Less than $40K,Blue,46,3,3,3,1606.0,0,1606.0,0.855,4548,76,0.652,0.0,0.00028395,0.99972
801056358,Existing Customer,51,M,1,High School,Single,$80K - $120K,Blue,45,6,1,3,13287.0,1864,11423.0,0.603,3851,75,0.705,0.14,8.453e-05,0.99992
714282333,Existing Customer,49,F,4,College,Married,Less than $40K,Blue,36,1,1,2,3244.0,0,3244.0,0.765,7495,97,0.54,0.0,5.6158e-05,0.99994
711993258,Existing Customer,50,F,0,High School,Single,$40K - $60K,Blue,39,5,3,2,8264.0,2057,6207.0,0.821,4240,73,0.587,0.249,0.00015005,0.99985
708702258,Attrited Customer,40,F,3,Uneducated,Single,Unknown,Blue,36,3,2,2,3698.0,478,3220.0,0.611,2051,31,0.632,0.129,0.99183,0.00817
772825308,Existing Customer,40,M,3,Graduate,Divorced,$80K - $120K,Blue,31,4,2,3,27374.0,1509,25865.0,0.803,4231,60,0.714,0.055,0.00019864,0.9998
770135358,Existing Customer,46,F,1,Graduate,Married,Less than $40K,Blue,40,6,2,2,5157.0,1485,3672.0,0.699,4417,77,0.711,0.288,0.00010684,0.99989
778388358,Attrited Customer,56,M,3,Graduate,Single,$60K - $80K,Blue,36,2,2,3,4742.0,855,3887.0,0.635,870,24,0.5,0.18,0.99499,0.00501
719723658,Existing Customer,49,F,2,Uneducated,Single,Less than $40K,Blue,39,6,1,3,1768.0,0,1768.0,0.788,4628,90,0.837,0.0,9.5249e-05,0.9999
709411383,Existing Customer,45,M,2,Uneducated,Unknown,$40K - $60K,Blue,37,6,4,1,2811.0,1630,1181.0,0.847,4275,78,0.733,0.58,0.00013479,0.99987
716225433,Existing Customer,60,M,1,Uneducated,Single,$80K - $120K,Blue,51,6,3,4,26566.0,2517,24049.0,0.985,3103,65,0.625,0.095,0.000498,0.9995
787659483,Existing Customer,58,F,1,Doctorate,Married,Less than $40K,Blue,48,4,2,2,1438.3,801,637.3,0.595,4223,60,0.579,0.557,0.0001546,0.99985
708171858,Existing Customer,33,F,3,Post-Graduate,Married,$40K - $60K,Blue,28,5,2,3,1864.0,1081,783.0,1.416,2607,44,1.75,0.58,0.00023373,0.99977
708618933,Existing Customer,34,M,2,Uneducated,Single,$120K +,Blue,13,6,3,2,4369.0,2049,2320.0,0.865,3259,80,0.6,0.469,0.00018494,0.99982
715623483,Existing Customer,47,M,3,Graduate,Married,$60K - $80K,Blue,37,4,4,0,8567.0,1695,6872.0,1.242,1457,41,1.412,0.198,8.3212e-05,0.99992
713548158,Existing Customer,26,M,0,College,Single,$40K - $60K,Blue,36,5,2,3,2657.0,1611,1046.0,0.599,2349,41,0.464,0.606,0.00015971,0.99984
818248383,Existing Customer,33,M,2,Doctorate,Married,$60K - $80K,Blue,28,3,3,3,4049.0,0,4049.0,0.898,1742,35,1.5,0.0,0.00043772,0.99956
713445183,Existing Customer,35,M,1,High School,Married,$60K - $80K,Blue,26,4,3,2,4008.0,1841,2167.0,1.504,2794,58,1.148,0.459,0.00016413,0.99984
710622333,Existing Customer,39,F,2,High School,Single,$40K - $60K,Blue,28,3,2,2,2751.0,2258,493.0,0.634,4386,67,0.675,0.821,0.00011065,0.99989
785134758,Existing Customer,41,M,2,College,Unknown,$80K - $120K,Blue,24,3,2,4,14320.0,0,14320.0,0.754,4077,77,0.791,0.0,0.00031749,0.99968
719245983,Existing Customer,46,F,4,Post-Graduate,Married,Unknown,Blue,38,6,3,2,13816.0,955,12861.0,0.699,4238,73,0.659,0.069,0.00022196,0.99978
711487533,Attrited Customer,47,F,3,Unknown,Married,Less than $40K,Blue,38,3,3,2,1438.3,0,1438.3,0.198,1687,38,0.226,0.0,0.99515,0.00484967
713401758,Existing Customer,45,M,2,Uneducated,Married,$120K +,Blue,36,6,2,3,3383.0,1458,1925.0,0.678,4897,75,0.562,0.431,0.00019683,0.9998
789228108,Existing Customer,56,F,4,Graduate,Single,Unknown,Blue,45,2,2,3,9091.0,1306,7785.0,0.743,4378,86,0.654,0.144,0.00020077,0.9998
708128733,Existing Customer,50,F,3,Post-Graduate,Single,Unknown,Blue,36,5,4,3,1814.0,0,1814.0,0.852,5014,99,0.623,0.0,0.00044634,0.99955
712867983,Existing Customer,54,F,2,Uneducated,Single,Less than $40K,Blue,43,6,1,4,3006.0,633,2373.0,0.733,5177,66,0.65,0.211,0.00016249,0.99984
788107683,Existing Customer,35,M,4,High School,Married,$40K - $60K,Blue,27,6,2,3,5325.0,1318,4007.0,1.045,1814,43,0.593,0.248,0.00019517,0.9998
771288258,Existing Customer,48,F,3,Unknown,Unknown,$40K - $60K,Blue,36,6,2,2,2545.0,1894,651.0,0.911,4660,68,0.789,0.744,0.00012982,0.99987
801048483,Existing Customer,34,M,3,Uneducated,Divorced,$120K +,Blue,28,4,3,3,9180.0,1814,7366.0,0.628,2646,49,0.633,0.198,0.00032275,0.99968
720827133,Attrited Customer,43,F,3,Doctorate,Single,Less than $40K,Blue,30,1,2,2,6261.0,463,5798.0,0.889,8132,64,0.6,0.074,0.99418,0.00582
711902058,Existing Customer,35,M,2,Graduate,Married,$60K - $80K,Blue,36,3,3,2,1438.3,0,1438.3,1.623,2492,55,0.897,0.0,0.00017987,0.99982
712855683,Existing Customer,50,F,2,Post-Graduate,Married,Less than $40K,Blue,36,1,2,2,3350.0,1335,2015.0,0.781,4906,89,0.561,0.399,0.00013393,0.99987
719392833,Existing Customer,45,F,3,Graduate,Married,Less than $40K,Blue,38,3,3,2,2400.0,1613,787.0,0.629,1311,34,0.417,0.672,0.00018665,0.99981
779925033,Existing Customer,38,F,4,Graduate,Married,$40K - $60K,Blue,22,4,3,4,2997.0,1969,1028.0,1.235,2807,60,0.714,0.657,0.00054115,0.99946
715278708,Existing Customer,55,M,2,Unknown,Single,$60K - $80K,Blue,36,5,3,1,1594.0,927,667.0,0.985,3851,65,0.806,0.582,0.00011924,0.99988
717284133,Existing Customer,53,F,1,High School,Married,Less than $40K,Blue,41,1,2,3,3472.0,2517,955.0,0.75,4520,84,0.68,0.725,0.00017468,0.99983
719459358,Existing Customer,52,M,1,Doctorate,Married,$120K +,Blue,41,4,2,2,33864.0,989,32875.0,1.219,1751,48,0.92,0.029,0.0001546,0.99985
771220758,Existing Customer,40,F,3,Doctorate,Single,Unknown,Blue,27,1,1,2,2896.0,2100,796.0,0.728,4614,83,0.694,0.725,8.2704e-05,0.99992
711516783,Existing Customer,47,F,4,Uneducated,Married,$40K - $60K,Blue,36,2,1,1,2155.0,1119,1036.0,0.815,5441,91,0.717,0.519,3.5816e-05,0.99996
806908608,Existing Customer,46,F,2,Unknown,Married,Less than $40K,Blue,41,5,2,3,1438.3,0,1438.3,0.691,3942,78,1.229,0.0,0.00021042,0.99979
720997383,Attrited Customer,52,M,1,Uneducated,Married,$80K - $120K,Blue,36,2,3,3,1857.0,1833,24.0,0.723,829,17,0.7,0.987,0.99659,0.00341249
779597133,Existing Customer,55,M,1,Graduate,Single,$80K - $120K,Blue,44,4,3,2,2663.0,1784,879.0,0.785,4317,81,0.929,0.67,0.00016883,0.99983
710978058,Existing Customer,50,F,0,Uneducated,Single,$40K - $60K,Blue,41,6,2,3,7507.0,1697,5810.0,1.098,4651,71,1.029,0.226,0.00016891,0.99983
715859058,Existing Customer,54,M,3,Post-Graduate,Married,$120K +,Blue,42,6,3,4,3092.0,2165,927.0,0.676,1369,37,0.542,0.7,0.00062998,0.99937
771217758,Existing Customer,44,F,2,High School,Single,Less than $40K,Blue,31,3,2,3,4182.0,2028,2154.0,0.658,16920,114,0.606,0.485,0.0001861,0.99981
710094108,Existing Customer,33,M,3,Graduate,Single,$60K - $80K,Blue,27,6,2,3,2043.0,1725,318.0,0.686,5212,79,0.646,0.844,0.00019864,0.9998
709927458,Existing Customer,38,M,3,Graduate,Single,$40K - $60K,Blue,20,1,3,3,10486.0,1544,8942.0,0.716,4042,77,0.925,0.147,0.0003139,0.99969
713896533,Existing Customer,42,M,4,High School,Single,$60K - $80K,Blue,33,5,1,3,9442.0,838,8604.0,0.654,3157,63,0.853,0.089,9.4447e-05,0.99991
709397508,Existing Customer,48,M,1,Uneducated,Married,$60K - $80K,Blue,39,2,3,1,8624.0,1709,6915.0,0.967,15738,111,0.82,0.198,0.00010469,0.9999
779703258,Existing Customer,41,F,4,Graduate,Single,Less than $40K,Blue,24,3,3,1,2069.0,1393,676.0,0.875,4962,70,0.75,0.673,0.00011377,0.99989
712401033,Existing Customer,36,M,1,Unknown,Single,Less than $40K,Blue,23,4,3,1,1438.3,928,510.3,0.851,2186,59,0.686,0.645,0.00011192,0.99989
719732433,Existing Customer,54,M,2,Graduate,Single,$60K - $80K,Blue,36,5,3,1,12815.0,1017,11798.0,0.532,3771,78,0.66,0.079,0.00010848,0.99989
708488208,Existing Customer,57,F,3,Uneducated,Married,Less than $40K,Blue,47,5,3,3,2515.0,1922,593.0,1.181,2231,58,0.611,0.764,0.00032275,0.99968
710058033,Existing Customer,51,M,0,Uneducated,Divorced,$120K +,Blue,41,4,1,0,23898.0,0,23898.0,0.486,3781,66,0.61,0.0,1.7925e-05,0.99998
713455233,Existing Customer,48,M,3,Graduate,Married,$80K - $120K,Blue,37,5,2,1,34516.0,1416,33100.0,0.491,4026,65,0.512,0.041,7.1226e-05,0.99993
711934308,Existing Customer,38,M,3,Graduate,Single,$40K - $60K,Blue,19,5,2,3,1705.0,0,1705.0,0.604,3342,62,0.824,0.0,0.00019864,0.9998
718788258,Existing Customer,52,M,5,Unknown,Married,$80K - $120K,Blue,40,3,3,4,30314.0,776,29538.0,0.705,3290,82,0.64,0.026,0.00058553,0.99941
819997983,Existing Customer,53,M,5,Unknown,Married,$80K - $120K,Blue,48,6,1,0,9517.0,1869,7648.0,0.821,1453,26,0.857,0.196,2.3055e-05,0.99998
713131158,Attrited Customer,58,M,2,Uneducated,Single,$80K - $120K,Blue,46,1,3,1,10286.0,0,10286.0,0.908,8199,59,0.903,0.0,0.99111,0.00889
711800658,Attrited Customer,42,F,3,High School,Single,Less than $40K,Blue,36,2,3,3,2145.0,0,2145.0,0.577,2465,42,0.355,0.0,0.99673,0.00326528
719494983,Existing Customer,26,M,0,Graduate,Single,Less than $40K,Blue,15,6,3,3,2740.0,2069,671.0,0.418,1997,44,0.419,0.755,0.0002596,0.99974
710878308,Attrited Customer,50,F,4,Graduate,Single,Less than $40K,Blue,37,1,2,3,3699.0,913,2786.0,0.866,7297,71,0.69,0.247,0.99504,0.00495524
807014583,Existing Customer,31,F,0,Graduate,Divorced,Unknown,Blue,26,3,3,3,1469.0,0,1469.0,0.915,4331,89,0.935,0.0,0.0002596,0.99974
708225483,Existing Customer,47,M,4,Graduate,Married,$80K - $120K,Blue,36,3,2,4,11242.0,1561,9681.0,0.829,4246,81,0.8,0.139,0.00034248,0.99966
720132258,Existing Customer,49,M,3,Post-Graduate,Single,$120K +,Silver,36,6,1,5,34516.0,1323,33193.0,0.934,3422,78,0.529,0.038,0.00030168,0.9997
719621958,Existing Customer,43,M,3,Graduate,Unknown,$60K - $80K,Blue,28,3,2,3,4365.0,0,4365.0,0.32,1720,40,0.379,0.0,0.00019864,0.9998
720272958,Attrited Customer,48,M,2,High School,Married,$120K +,Blue,36,3,3,3,27126.0,0,27126.0,0.953,1000,25,0.786,0.0,0.99661,0.00338788
708862233,Existing Customer,44,F,4,Graduate,Married,$40K - $60K,Blue,30,3,3,3,4068.0,0,4068.0,1.121,5161,83,0.766,0.0,0.00031726,0.99968
717613233,Existing Customer,45,M,4,Uneducated,Married,$60K - $80K,Silver,33,5,2,4,25907.0,745,25162.0,0.607,2058,56,0.806,0.029,0.00031818,0.99968
718116933,Existing Customer,53,F,3,Graduate,Single,Less than $40K,Blue,36,2,3,1,1438.3,630,808.3,0.667,4704,79,0.756,0.438,0.00011256,0.99989
716445783,Existing Customer,42,F,2,Uneducated,Married,Unknown,Blue,31,4,2,0,22718.0,0,22718.0,0.791,1191,37,1.176,0.0,4.317e-05,0.99996
771040758,Existing Customer,62,F,0,Graduate,Single,Unknown,Silver,49,5,1,2,30310.0,0,30310.0,0.777,3703,91,0.492,0.0,4.2705e-05,0.99996
710927733,Existing Customer,39,M,1,Unknown,Married,$80K - $120K,Blue,36,6,2,3,2899.0,1999,900.0,0.832,1687,35,0.591,0.69,0.00019751,0.9998
715206408,Existing Customer,31,F,1,High School,Single,Less than $40K,Blue,22,5,1,5,6662.0,0,6662.0,0.934,3264,83,0.766,0.0,0.00024953,0.99975
713555133,Attrited Customer,56,F,3,High School,Unknown,Less than $40K,Blue,44,4,3,2,1667.0,595,1072.0,0.63,2424,40,0.481,0.357,0.99452,0.00548
708568983,Existing Customer,40,M,3,High School,Married,$60K - $80K,Blue,28,2,3,1,11476.0,2365,9111.0,0.65,8110,113,0.766,0.206,0.00010943,0.99989
716350008,Existing Customer,52,M,1,Uneducated,Married,$40K - $60K,Blue,36,2,2,3,2937.0,1633,1304.0,0.857,8235,102,0.522,0.556,0.00018475,0.99982
719368533,Existing Customer,41,F,2,Doctorate,Married,Unknown,Silver,28,1,3,3,32250.0,1289,30961.0,0.703,15785,100,0.786,0.04,0.00039552,0.9996
712895733,Attrited Customer,40,M,4,Uneducated,Single,$80K - $120K,Blue,36,6,3,2,34516.0,572,33944.0,1.05,8659,81,1.077,0.017,0.99487,0.00513
713251008,Existing Customer,43,F,2,Uneducated,Married,Unknown,Blue,38,6,3,1,2960.0,1853,1107.0,0.949,3921,63,0.853,0.626,0.00011153,0.99989
768733533,Existing Customer,53,M,5,Uneducated,Unknown,$80K - $120K,Blue,47,2,3,2,2340.0,1612,728.0,0.696,8851,88,0.833,0.689,0.00019094,0.99981
720015183,Existing Customer,60,M,1,Graduate,Married,$120K +,Blue,46,6,3,1,5130.0,2048,3082.0,0.776,4601,88,0.76,0.399,0.00010182,0.9999
718205283,Existing Customer,48,F,3,College,Single,$40K - $60K,Blue,37,6,3,1,1438.3,0,1438.3,0.777,5035,76,0.767,0.0,0.00010944,0.99989
718416858,Existing Customer,42,M,5,Graduate,Married,$60K - $80K,Blue,34,3,3,3,10607.0,2517,8090.0,1.197,1903,40,0.538,0.237,0.00031231,0.99969
716657058,Existing Customer,43,F,4,Post-Graduate,Married,Less than $40K,Blue,33,2,3,3,8358.0,926,7432.0,0.762,1566,37,0.542,0.111,0.00037329,0.99963
712968708,Existing Customer,55,F,1,High School,Single,$40K - $60K,Blue,47,2,3,1,2343.0,1780,563.0,0.792,5167,78,0.773,0.76,9.8983e-05,0.9999
815539233,Attrited Customer,54,M,4,High School,Single,$80K - $120K,Silver,49,1,3,4,34516.0,214,34302.0,0.0,1201,22,0.0,0.006,0.9979,0.00209822
794504658,Existing Customer,39,M,1,Unknown,Married,$60K - $80K,Blue,24,6,3,0,5746.0,1829,3917.0,0.649,1562,44,0.913,0.318,6.846e-05,0.99993
712656783,Attrited Customer,49,M,1,Graduate,Single,$120K +,Blue,36,3,4,3,8136.0,2517,5619.0,0.674,2179,40,0.429,0.309,0.9971,0.00290471
779524833,Existing Customer,51,M,1,Unknown,Single,$80K - $120K,Blue,34,4,3,3,3554.0,1563,1991.0,0.893,3640,59,0.735,0.44,0.00031211,0.99969
714542058,Existing Customer,53,M,1,Graduate,Unknown,$60K - $80K,Silver,44,5,2,1,26365.0,680,25685.0,0.498,3411,68,0.789,0.026,5.8215e-05,0.99994
820271208,Existing Customer,46,M,2,Graduate,Divorced,$60K - $80K,Blue,41,2,2,3,7064.0,1234,5830.0,0.955,13791,103,0.585,0.175,0.00019143,0.99981
780100533,Existing Customer,46,M,3,Graduate,Married,$80K - $120K,Blue,31,5,2,4,26303.0,2376,23927.0,0.583,3586,67,0.914,0.09,0.00033886,0.99966
712820208,Existing Customer,32,F,0,High School,Divorced,Less than $40K,Blue,36,5,2,4,2699.0,1609,1090.0,0.893,2141,56,0.806,0.596,0.00027243,0.99973
714714558,Existing Customer,37,F,2,Uneducated,Single,$40K - $60K,Blue,27,1,3,2,3050.0,2517,533.0,1.177,4698,75,0.923,0.825,0.00018494,0.99982
780042633,Attrited Customer,37,F,2,Unknown,Married,Unknown,Silver,21,2,2,2,31718.0,0,31718.0,0.91,7432,64,0.641,0.0,0.99123,0.00877
710628783,Existing Customer,38,M,4,High School,Single,$80K - $120K,Gold,36,6,1,3,34516.0,1140,33376.0,0.815,1445,45,0.957,0.033,0.00010881,0.99989
780230208,Existing Customer,53,M,2,College,Married,$40K - $60K,Blue,40,2,3,0,2672.0,1604,1068.0,0.62,4766,75,1.083,0.6,6.4511e-05,0.99994
717643608,Existing Customer,48,M,4,College,Married,$80K - $120K,Blue,36,3,3,2,26443.0,1601,24842.0,0.493,1593,36,0.333,0.061,0.0001834,0.99982
717646008,Existing Customer,61,F,1,College,Married,Unknown,Blue,46,6,2,2,5686.0,0,5686.0,1.027,4338,67,0.675,0.0,0.00010387,0.9999
719860308,Attrited Customer,42,F,2,Graduate,Married,Less than $40K,Blue,36,2,3,3,1438.3,0,1438.3,0.663,2418,48,0.778,0.0,0.99671,0.00329379
711456108,Attrited Customer,46,F,4,Unknown,Married,$40K - $60K,Blue,39,5,3,3,1438.3,819,619.3,0.786,2488,44,0.692,0.569,0.99714,0.00285845
771534408,Existing Customer,52,F,2,College,Single,Less than $40K,Blue,40,4,3,3,2783.0,2379,404.0,0.912,3897,74,1.0,0.855,0.00029411,0.99971
709102458,Attrited Customer,47,M,2,High School,Single,$80K - $120K,Blue,36,4,3,5,4754.0,0,4754.0,0.618,2607,41,0.367,0.0,0.99885,0.00115006
744483633,Existing Customer,35,M,3,Graduate,Married,$120K +,Blue,28,4,3,2,14869.0,0,14869.0,1.624,2753,48,1.087,0.0,0.00018665,0.99981
787541883,Existing Customer,44,M,3,Graduate,Unknown,$80K - $120K,Blue,33,3,3,3,34516.0,0,34516.0,0.483,1120,27,0.35,0.0,0.0003139,0.99969
710881008,Existing Customer,42,M,3,High School,Single,$80K - $120K,Blue,29,3,1,1,6380.0,1238,5142.0,0.903,4119,66,0.61,0.194,3.3505e-05,0.99997
716307558,Attrited Customer,50,F,3,High School,Married,Less than $40K,Blue,40,6,2,4,2897.0,1506,1391.0,0.618,2214,46,0.484,0.52,0.99697,0.00302546
821771508,Existing Customer,32,M,0,High School,Married,$40K - $60K,Blue,28,5,1,2,3172.0,2055,1117.0,0.663,1939,36,0.636,0.648,4.5946e-05,0.99995
719213133,Existing Customer,53,M,1,Graduate,Unknown,$60K - $80K,Blue,41,4,1,2,2432.0,1554,878.0,1.158,3670,60,0.818,0.639,5.1697e-05,0.99995
716856408,Attrited Customer,39,F,4,Graduate,Single,Less than $40K,Blue,28,5,2,4,1438.3,0,1438.3,0.777,2392,44,0.375,0.0,0.99709,0.0029104
715898058,Existing Customer,53,M,2,Graduate,Married,$120K +,Blue,36,5,1,3,11023.0,0,11023.0,0.539,1656,41,0.367,0.0,9.2637e-05,0.99991
717529233,Attrited Customer,40,F,3,Graduate,Single,Less than $40K,Blue,30,4,3,2,3319.0,0,3319.0,0.262,4840,44,0.375,0.0,0.99467,0.00533
718215033,Existing Customer,54,F,3,Unknown,Married,Less than $40K,Blue,36,6,2,4,2556.0,2260,296.0,0.487,1401,30,0.579,0.884,0.00037246,0.99963
770781558,Existing Customer,35,F,2,Graduate,Married,Less than $40K,Blue,21,5,1,2,3230.0,2517,713.0,0.677,1914,31,0.348,0.779,5.5077e-05,0.99994
715448058,Existing Customer,42,F,1,College,Married,Less than $40K,Blue,36,6,4,1,3050.0,1824,1226.0,0.771,1973,50,1.381,0.598,0.00011963,0.99988
714321408,Existing Customer,65,M,1,High School,Married,$40K - $60K,Blue,56,6,2,2,2246.0,1326,920.0,0.543,1429,32,0.455,0.59,0.00010386,0.9999
780604083,Existing Customer,49,M,1,Unknown,Single,$60K - $80K,Blue,37,1,2,2,18349.0,1209,17140.0,0.738,16422,110,0.803,0.066,0.00011743,0.99988
718767183,Existing Customer,45,F,4,Post-Graduate,Unknown,Less than $40K,Blue,36,6,3,1,2192.0,1464,728.0,0.66,4905,89,0.978,0.668,0.00013386,0.99987
709279608,Existing Customer,45,M,4,High School,Married,$80K - $120K,Blue,35,5,2,3,9852.0,2277,7575.0,0.831,3813,71,0.614,0.231,0.00019517,0.9998
715588908,Existing Customer,42,F,4,Graduate,Single,Less than $40K,Blue,32,3,2,3,6158.0,0,6158.0,1.411,3132,66,0.784,0.0,0.00020077,0.9998
713005908,Existing Customer,47,F,2,Graduate,Married,$40K - $60K,Blue,36,5,2,3,2255.0,1733,522.0,0.903,4772,83,0.729,0.769,0.00019143,0.99981
711574008,Existing Customer,32,M,3,College,Single,$80K - $120K,Blue,21,4,3,5,21390.0,0,21390.0,0.946,2477,59,0.341,0.0,0.00090051,0.9991
715858008,Attrited Customer,49,F,1,Uneducated,Married,$40K - $60K,Blue,39,2,3,3,8061.0,2517,5544.0,0.352,1224,31,0.409,0.312,0.99659,0.00341249
804606033,Existing Customer,46,M,4,High School,Unknown,$40K - $60K,Blue,41,6,1,2,8738.0,1172,7566.0,0.65,3121,60,0.395,0.134,5.6153e-05,0.99994
779281233,Existing Customer,45,F,3,Graduate,Single,Unknown,Blue,27,4,3,3,2478.0,1748,730.0,0.643,4353,80,0.667,0.705,0.0003139,0.99969
789707433,Existing Customer,41,F,4,High School,Single,Unknown,Blue,28,4,2,2,2515.0,1313,1202.0,0.981,4370,68,0.7,0.522,0.00011604,0.99988
719356008,Existing Customer,39,F,3,Graduate,Single,Less than $40K,Blue,36,4,3,4,1438.3,0,1438.3,1.022,4548,69,0.917,0.0,0.00053543,0.99946
721091583,Existing Customer,44,F,2,Graduate,Single,Less than $40K,Blue,32,3,3,3,3031.0,1879,1152.0,0.788,1298,15,1.5,0.62,0.00030251,0.9997
737967708,Existing Customer,52,F,1,Unknown,Married,$40K - $60K,Blue,45,5,1,1,1611.0,938,673.0,0.601,4087,86,0.911,0.582,3.4268e-05,0.99997
710569233,Existing Customer,46,M,3,Unknown,Single,$80K - $120K,Blue,35,2,1,1,11814.0,1440,10374.0,0.798,9185,100,0.695,0.122,3.7884e-05,0.99996
711598533,Existing Customer,43,M,1,High School,Married,$60K - $80K,Blue,36,1,2,3,4255.0,1729,2526.0,0.55,3607,75,0.471,0.406,0.00017468,0.99983
819109308,Existing Customer,62,M,0,Graduate,Divorced,$60K - $80K,Blue,56,1,3,3,6103.0,2517,3586.0,0.74,8080,92,0.704,0.412,0.0002596,0.99974
719342808,Existing Customer,48,M,3,Graduate,Single,$80K - $120K,Blue,30,4,2,3,4180.0,688,3492.0,0.747,3750,76,0.727,0.165,0.00019864,0.9998
715499058,Attrited Customer,36,F,2,High School,Married,$40K - $60K,Blue,36,4,3,2,1848.0,0,1848.0,0.906,2775,33,0.435,0.0,0.99431,0.00569
785515533,Existing Customer,43,F,2,College,Married,Less than $40K,Blue,37,3,3,1,5380.0,1337,4043.0,0.845,8947,93,0.576,0.249,0.00010546,0.99989
780588258,Existing Customer,53,F,5,Unknown,Married,Less than $40K,Blue,42,1,2,2,4021.0,1745,2276.0,0.784,14567,120,0.846,0.434,0.00012916,0.99987
711992133,Existing Customer,53,F,1,Uneducated,Married,Less than $40K,Blue,41,4,2,2,2596.0,868,1728.0,0.743,4801,72,0.714,0.334,0.00010985,0.99989
714603558,Existing Customer,37,M,2,High School,Single,$40K - $60K,Blue,24,6,2,3,11699.0,1758,9941.0,0.869,2007,46,1.0,0.15,0.0001861,0.99981
779450958,Existing Customer,43,F,4,Graduate,Married,Less than $40K,Blue,25,5,3,2,2772.0,1782,990.0,0.718,4739,88,0.796,0.643,0.00018864,0.99981
716112933,Attrited Customer,39,F,3,Graduate,Married,Unknown,Blue,36,3,2,3,1575.0,592,983.0,0.236,644,15,0.154,0.376,0.99499,0.00501
789262683,Existing Customer,60,M,1,Unknown,Divorced,$40K - $60K,Blue,49,4,3,2,3012.0,0,3012.0,0.538,1315,23,0.278,0.0,0.00018558,0.99981
713522058,Existing Customer,39,F,0,College,Married,Less than $40K,Blue,30,3,2,3,1978.0,871,1107.0,0.636,4299,59,0.844,0.44,0.00015971,0.99984
717087858,Existing Customer,51,F,1,Graduate,Single,$40K - $60K,Blue,36,3,3,1,2146.0,967,1179.0,0.569,4253,74,0.721,0.451,0.00010182,0.9999
710170758,Attrited Customer,32,M,0,Post-Graduate,Married,$60K - $80K,Blue,25,6,2,2,4469.0,2331,2138.0,1.006,8314,67,0.763,0.522,0.99137,0.00863
714832383,Existing Customer,35,M,0,High School,Single,$80K - $120K,Gold,29,6,2,3,34516.0,1965,32551.0,1.044,2949,70,1.0,0.057,0.00018399,0.99982
713976258,Existing Customer,51,F,3,Graduate,Single,Less than $40K,Blue,46,4,1,3,1792.0,989,803.0,1.202,3102,63,0.703,0.552,9.6126e-05,0.9999
717334233,Existing Customer,54,F,1,Uneducated,Single,$40K - $60K,Blue,43,1,3,2,9525.0,2517,7008.0,0.669,4804,79,0.881,0.264,0.0001736,0.99983
712237458,Existing Customer,47,M,3,Unknown,Married,$120K +,Blue,28,3,2,2,11629.0,802,10827.0,0.912,3752,78,0.902,0.069,0.00012982,0.99987
716102583,Existing Customer,63,F,1,Graduate,Married,Less than $40K,Blue,53,6,1,3,2675.0,2517,158.0,0.957,1959,56,1.0,0.941,8.6952e-05,0.99991
813449508,Attrited Customer,61,M,0,Graduate,Married,$60K - $80K,Blue,56,6,2,3,9918.0,850,9068.0,0.688,2485,40,0.29,0.086,0.99395,0.00605
789760233,Existing Customer,29,M,0,Unknown,Divorced,$80K - $120K,Blue,14,6,3,3,3544.0,0,3544.0,0.718,2435,63,1.032,0.0,0.00028535,0.99971
721325133,Existing Customer,45,M,2,College,Married,$80K - $120K,Blue,36,6,1,3,31625.0,0,31625.0,0.559,4503,77,0.674,0.0,9.0064e-05,0.99991
711226758,Existing Customer,51,F,1,College,Divorced,Less than $40K,Blue,42,3,2,3,4002.0,1669,2333.0,0.702,2024,53,1.12,0.417,0.0001747,0.99983
715522233,Existing Customer,45,F,3,Doctorate,Single,Less than $40K,Blue,27,1,6,3,2917.0,1523,1394.0,0.724,4878,92,0.804,0.522,0.00035857,0.99964
789948408,Existing Customer,55,M,2,Graduate,Single,$80K - $120K,Blue,46,3,1,4,34516.0,1718,32798.0,0.51,5220,74,0.423,0.05,0.00015804,0.99984
713511108,Existing Customer,61,M,1,Uneducated,Married,$40K - $60K,Blue,47,5,3,4,1438.3,847,591.3,0.436,1397,43,0.483,0.589,0.000498,0.9995
713723433,Existing Customer,52,F,4,High School,Single,Less than $40K,Blue,44,1,1,3,5721.0,0,5721.0,0.57,4188,79,0.881,0.0,9.4447e-05,0.99991
714034158,Existing Customer,46,F,4,Unknown,Married,Less than $40K,Blue,38,5,2,3,3331.0,1307,2024.0,0.617,3946,69,0.683,0.392,0.00022068,0.99978
807349158,Existing Customer,36,M,4,Doctorate,Divorced,$120K +,Blue,31,4,3,4,34516.0,1491,33025.0,0.93,2243,60,0.935,0.043,0.00078294,0.99922
774172158,Existing Customer,29,M,1,Unknown,Single,$60K - $80K,Blue,19,3,1,2,23507.0,1990,21517.0,0.631,2650,65,0.912,0.085,5.6825e-05,0.99994
770764908,Existing Customer,39,M,2,Unknown,Married,$60K - $80K,Blue,25,5,2,3,3071.0,2517,554.0,0.583,1765,36,0.565,0.82,0.00021042,0.99979
711258108,Existing Customer,54,M,1,College,Married,$120K +,Blue,44,4,3,2,2821.0,2415,406.0,0.441,1419,36,0.8,0.856,0.00016415,0.99984
716986458,Existing Customer,44,F,3,High School,Single,Unknown,Blue,36,1,3,2,9766.0,1575,8191.0,0.661,7605,101,0.603,0.161,0.00018145,0.99982
788646858,Existing Customer,41,F,3,Graduate,Married,Less than $40K,Blue,29,6,3,1,1959.0,1268,691.0,0.731,4275,61,0.649,0.647,0.00011256,0.99989
787466808,Existing Customer,35,F,0,Unknown,Married,Less than $40K,Blue,22,2,2,3,3009.0,2517,492.0,0.735,5329,82,0.745,0.836,0.00018057,0.99982
718127958,Existing Customer,58,M,0,Graduate,Divorced,Unknown,Blue,36,4,2,2,9097.0,1656,7441.0,0.813,4174,85,0.7,0.182,9.7673e-05,0.9999
710538183,Existing Customer,53,F,3,Graduate,Divorced,Less than $40K,Blue,42,3,2,4,1529.0,563,966.0,0.785,4220,83,0.844,0.368,0.00033886,0.99966
708382083,Existing Customer,49,M,5,High School,Married,$80K - $120K,Blue,36,6,2,2,2292.0,0,2292.0,0.976,2584,60,0.5,0.0,0.00011423,0.99989
779471883,Attrited Customer,54,F,1,Graduate,Married,Less than $40K,Blue,40,2,3,1,1438.3,808,630.3,0.997,705,19,0.9,0.562,0.99028,0.00972
710535708,Existing Customer,49,M,2,Uneducated,Married,$80K - $120K,Blue,39,2,3,1,15894.0,1293,14601.0,0.693,14256,118,0.735,0.081,0.00011153,0.99989
789082758,Existing Customer,40,F,2,High School,Married,Less than $40K,Blue,28,1,3,3,2734.0,1661,1073.0,0.726,4981,90,0.698,0.608,0.00029408,0.99971
719658858,Existing Customer,50,F,4,Doctorate,Married,Unknown,Silver,36,3,2,1,34516.0,2096,32420.0,0.666,7042,73,0.553,0.061,9.4127e-05,0.99991
717835908,Existing Customer,33,M,2,Post-Graduate,Married,$80K - $120K,Blue,22,3,3,3,1438.3,681,757.3,1.542,2730,48,0.778,0.473,0.00035594,0.99964
789817833,Attrited Customer,44,F,5,Post-Graduate,Unknown,Less than $40K,Blue,33,3,3,2,9073.0,2466,6607.0,0.446,6793,60,1.069,0.272,0.99545,0.00455475
715764483,Existing Customer,53,F,3,High School,Unknown,Less than $40K,Blue,37,3,2,4,7202.0,974,6228.0,0.517,1397,33,0.5,0.135,0.00032942,0.99967
710779083,Existing Customer,59,F,0,Graduate,Married,Less than $40K,Blue,48,3,3,4,1661.0,0,1661.0,0.672,4338,77,0.925,0.0,0.00044282,0.99956
709272333,Existing Customer,59,F,1,Uneducated,Unknown,Less than $40K,Blue,45,6,3,3,9899.0,2023,7876.0,0.445,4579,73,0.622,0.204,0.00029196,0.99971
720565458,Attrited Customer,43,M,2,Post-Graduate,Single,$60K - $80K,Blue,36,2,3,3,17306.0,0,17306.0,0.4,6205,65,0.806,0.0,0.9972,0.00280059
717480783,Existing Customer,39,M,1,High School,Single,$80K - $120K,Blue,29,3,1,2,9680.0,2101,7579.0,0.626,15152,100,0.695,0.217,5.0256e-05,0.99995
719431608,Existing Customer,63,F,0,College,Married,$40K - $60K,Blue,53,6,1,4,3118.0,1528,1590.0,0.604,1291,24,0.6,0.49,0.00013185,0.99987
772390908,Attrited Customer,59,M,0,High School,Single,$40K - $60K,Blue,48,2,4,3,3616.0,1054,2562.0,0.616,687,17,0.545,0.291,0.99673,0.00326713
711768858,Existing Customer,55,M,2,High School,Married,$80K - $120K,Blue,36,3,2,3,6514.0,2258,4256.0,0.785,1383,20,1.857,0.347,0.0001861,0.99981
790123983,Existing Customer,50,F,2,High School,Single,Less than $40K,Blue,43,4,2,1,2974.0,2090,884.0,0.975,4297,88,0.833,0.703,6.6728e-05,0.99993
709082808,Existing Customer,53,F,2,High School,Married,Less than $40K,Blue,36,2,3,2,2156.0,1198,958.0,0.507,5092,95,0.759,0.556,0.00017486,0.99983
714946908,Existing Customer,61,M,1,Uneducated,Single,$40K - $60K,Blue,36,6,1,1,5039.0,1352,3687.0,0.797,3300,68,0.545,0.268,3.2055e-05,0.99997
814364808,Existing Customer,36,F,2,Uneducated,Married,Unknown,Blue,31,5,3,1,3002.0,1002,2000.0,1.033,2624,46,1.0,0.334,0.00011153,0.99989
789487308,Existing Customer,48,M,2,Doctorate,Single,$60K - $80K,Blue,39,3,2,2,10033.0,0,10033.0,0.644,4106,78,0.902,0.0,0.00016471,0.99984
708276183,Attrited Customer,52,F,3,Post-Graduate,Married,Less than $40K,Blue,45,2,4,1,1760.0,0,1760.0,0.046,1554,35,0.029,0.0,0.99379,0.00621
775112958,Existing Customer,51,M,1,Unknown,Married,$60K - $80K,Blue,45,2,3,3,11548.0,0,11548.0,0.611,7781,72,0.895,0.0,0.00031211,0.99969
811571733,Existing Customer,26,F,0,Unknown,Single,Unknown,Blue,13,4,2,2,2600.0,1876,724.0,0.606,2625,45,0.364,0.722,0.00010736,0.99989
717642633,Existing Customer,51,M,2,Graduate,Married,$60K - $80K,Blue,40,3,3,3,3750.0,1801,1949.0,0.889,17995,116,0.657,0.48,0.00030251,0.9997
789101883,Existing Customer,32,M,3,Unknown,Single,$120K +,Blue,20,6,2,2,14244.0,1673,12571.0,0.699,2729,66,0.535,0.117,0.00012982,0.99987
717251508,Existing Customer,37,M,1,Uneducated,Married,$120K +,Blue,17,1,1,3,34516.0,0,34516.0,0.776,14127,116,0.731,0.0,8.9404e-05,0.99991
717327783,Existing Customer,39,M,2,Graduate,Married,$80K - $120K,Blue,27,4,2,2,9959.0,1476,8483.0,0.952,2760,44,1.0,0.148,0.00011382,0.99989
811974483,Existing Customer,56,M,2,Graduate,Single,$40K - $60K,Blue,51,1,3,1,1466.0,723,743.0,0.793,5110,86,0.593,0.493,0.00010848,0.99989
716988633,Existing Customer,55,M,0,High School,Divorced,$60K - $80K,Blue,46,6,1,2,9734.0,0,9734.0,0.785,1476,38,0.9,0.0,4.5946e-05,0.99995
824795358,Existing Customer,49,F,3,High School,Married,Less than $40K,Blue,45,3,3,0,1638.0,1038,600.0,0.718,4150,70,0.591,0.634,6.6935e-05,0.99993
718352358,Attrited Customer,49,F,3,Post-Graduate,Married,Less than $40K,Blue,35,3,3,2,1914.0,0,1914.0,0.677,2687,41,0.414,0.0,0.99547,0.00453174
717443658,Existing Customer,37,F,0,Graduate,Divorced,$40K - $60K,Blue,28,4,3,1,1920.0,0,1920.0,0.688,4715,81,0.841,0.0,9.3087e-05,0.99991
826136283,Existing Customer,38,F,3,High School,Married,Less than $40K,Blue,34,3,3,2,2450.0,1981,469.0,0.712,4352,66,0.784,0.809,0.00018145,0.99982
708744933,Existing Customer,35,M,2,High School,Married,$60K - $80K,Blue,36,4,2,4,19127.0,1880,17247.0,0.788,1859,33,0.571,0.098,0.00031746,0.99968
710968008,Existing Customer,37,F,4,Uneducated,Married,Less than $40K,Blue,26,2,1,2,3423.0,647,2776.0,0.73,14308,124,0.722,0.189,5.9391e-05,0.99994
711481533,Existing Customer,39,M,1,High School,Divorced,$60K - $80K,Blue,33,5,3,3,5926.0,1251,4675.0,0.944,1316,28,1.154,0.211,0.00027604,0.99972
719524383,Existing Customer,35,F,3,Graduate,Single,$40K - $60K,Blue,22,3,1,3,2441.0,1670,771.0,0.697,4105,73,0.553,0.684,9.6126e-05,0.9999
768544833,Existing Customer,45,F,4,Uneducated,Single,Less than $40K,Blue,39,6,2,3,2202.0,1414,788.0,0.593,4531,77,0.54,0.642,0.00020643,0.99979
708260208,Existing Customer,43,F,5,Uneducated,Single,Less than $40K,Blue,36,4,3,2,2057.0,1279,778.0,0.562,4321,76,0.689,0.622,0.00019094,0.99981
708176208,Existing Customer,48,F,1,Graduate,Married,$40K - $60K,Blue,36,4,4,1,7268.0,0,7268.0,0.691,4199,80,0.905,0.0,0.00012305,0.99988
760807608,Existing Customer,48,F,4,Uneducated,Married,Less than $40K,Blue,41,5,3,4,2340.0,1680,660.0,0.791,4751,83,0.804,0.718,0.0005564,0.99944
720734583,Existing Customer,44,F,2,Post-Graduate,Married,Less than $40K,Blue,32,1,3,3,2540.0,1561,979.0,0.894,5039,82,0.745,0.615,0.00035594,0.99964
711397533,Existing Customer,52,F,2,High School,Married,Less than $40K,Blue,41,4,2,2,5616.0,2410,3206.0,0.962,3410,62,0.59,0.429,0.00011065,0.99989
721506708,Existing Customer,54,M,1,Uneducated,Unknown,$80K - $120K,Blue,46,4,1,4,6249.0,2517,3732.0,0.751,3988,68,0.789,0.403,0.00015252,0.99985
717926358,Existing Customer,46,F,2,Graduate,Single,Less than $40K,Blue,30,3,1,0,5494.0,2142,3352.0,1.014,8328,78,0.733,0.39,2.0316e-05,0.99998
711866358,Existing Customer,42,F,3,High School,Single,$40K - $60K,Blue,30,4,2,3,10136.0,0,10136.0,0.428,4429,78,0.472,0.0,0.00019311,0.99981
778242708,Existing Customer,63,M,1,Unknown,Single,$60K - $80K,Silver,53,5,4,4,25502.0,1450,24052.0,0.797,4323,81,0.688,0.057,0.00058132,0.99942
720670458,Existing Customer,52,F,2,Unknown,Single,$40K - $60K,Blue,45,3,1,3,3476.0,1560,1916.0,0.894,3496,58,0.871,0.449,0.00010183,0.9999
716258358,Existing Customer,57,M,2,Uneducated,Single,$60K - $80K,Blue,36,1,1,3,23058.0,1534,21524.0,0.701,7009,82,0.708,0.067,9.5249e-05,0.9999
718478883,Existing Customer,55,F,2,College,Single,Less than $40K,Blue,36,4,1,3,3123.0,0,3123.0,0.513,4424,81,0.723,0.0,9.0064e-05,0.99991
716099958,Attrited Customer,39,F,5,Unknown,Married,$40K - $60K,Blue,31,3,3,6,3333.0,1867,1466.0,0.947,3348,50,0.282,0.56,0.99944,0.0005616
778867533,Attrited Customer,59,F,0,Post-Graduate,Married,$40K - $60K,Blue,40,1,4,1,1438.3,0,1438.3,1.038,689,23,0.353,0.0,0.9925,0.0075
718711158,Attrited Customer,52,M,3,Graduate,Married,$120K +,Blue,36,1,2,3,3841.0,2517,1324.0,0.841,2680,51,0.545,0.655,0.99499,0.00501
709183683,Existing Customer,31,F,0,Uneducated,Single,Less than $40K,Blue,36,4,2,0,5391.0,0,5391.0,1.075,1971,56,0.6,0.0,3.7045e-05,0.99996
780251658,Existing Customer,32,M,1,High School,Married,$40K - $60K,Blue,18,4,1,4,4583.0,1586,2997.0,0.828,2395,57,0.781,0.346,0.00014421,0.99986
719231583,Existing Customer,61,M,1,Graduate,Unknown,$60K - $80K,Blue,49,6,2,2,16929.0,1838,15091.0,0.551,4799,79,0.519,0.109,0.00010684,0.99989
710616183,Existing Customer,46,F,3,Uneducated,Single,Unknown,Blue,33,5,3,4,19995.0,0,19995.0,0.65,1879,34,0.7,0.0,0.00055052,0.99945
711084183,Existing Customer,47,F,5,Uneducated,Unknown,$40K - $60K,Blue,42,2,2,3,5168.0,2265,2903.0,0.715,8211,80,0.818,0.438,0.00020321,0.9998
713247408,Existing Customer,51,F,3,Uneducated,Unknown,Less than $40K,Blue,36,3,1,2,1750.0,813,937.0,0.76,4333,68,0.7,0.465,5.8763e-05,0.99994
708376983,Attrited Customer,58,F,1,Unknown,Single,Unknown,Blue,50,5,2,2,8513.0,799,7714.0,0.451,2119,37,0.542,0.094,0.99156,0.00844
718663983,Existing Customer,38,F,1,Doctorate,Single,Less than $40K,Blue,36,2,2,2,3466.0,2517,949.0,0.699,13140,94,0.709,0.726,0.0001546,0.99985
779837808,Existing Customer,53,F,2,High School,Married,$40K - $60K,Blue,37,1,4,3,5182.0,2500,2682.0,0.869,5012,85,0.809,0.482,0.00035539,0.99964
787268733,Existing Customer,52,F,1,Graduate,Married,$40K - $60K,Blue,46,5,1,2,2442.0,1507,935.0,0.631,4535,85,0.809,0.617,5.1697e-05,0.99995
804595158,Existing Customer,44,F,4,Graduate,Single,Less than $40K,Blue,36,6,4,2,7000.0,2517,4483.0,0.475,1112,23,1.875,0.36,0.00022797,0.99977
718451133,Existing Customer,48,M,2,Graduate,Single,$60K - $80K,Blue,40,4,5,4,14951.0,1413,13538.0,0.784,3899,68,1.061,0.095,0.00057631,0.99942
826077033,Attrited Customer,46,F,2,Unknown,Married,Less than $40K,Blue,42,1,0,4,2002.0,0,2002.0,0.803,2423,39,0.857,0.0,0.98468,0.01532
717924933,Existing Customer,48,F,2,Post-Graduate,Divorced,Unknown,Blue,37,3,4,2,3745.0,1291,2454.0,0.631,4956,88,0.796,0.345,0.00025577,0.99974
708249708,Existing Customer,48,F,1,Doctorate,Married,Less than $40K,Blue,39,3,3,3,4844.0,1576,3268.0,0.809,1489,48,0.6,0.325,0.00041087,0.99959
710522433,Existing Customer,65,M,0,Graduate,Married,Less than $40K,Blue,46,3,2,2,2416.0,1499,917.0,0.905,2372,53,0.514,0.62,9.7673e-05,0.9999
708894183,Existing Customer,53,M,3,College,Single,$120K +,Silver,44,4,4,2,34516.0,1073,33443.0,0.558,4485,86,0.755,0.031,0.00019815,0.9998
718317258,Existing Customer,54,F,3,Uneducated,Single,Less than $40K,Blue,47,3,3,3,7477.0,1960,5517.0,1.008,3618,76,0.583,0.262,0.00032275,0.99968
779715108,Existing Customer,46,M,2,Unknown,Divorced,$80K - $120K,Blue,30,3,3,3,2770.0,1286,1484.0,1.068,2920,74,0.721,0.464,0.00033251,0.99967
720068808,Existing Customer,41,F,2,Graduate,Married,Less than $40K,Blue,32,3,3,2,3302.0,1980,1322.0,0.625,3899,65,0.711,0.6,0.00017987,0.99982
718888308,Existing Customer,53,M,3,Graduate,Single,$80K - $120K,Blue,36,4,3,2,34516.0,2517,31999.0,0.741,1475,33,0.833,0.073,0.00018665,0.99981
720148983,Existing Customer,54,F,1,Uneducated,Married,Less than $40K,Blue,40,5,2,4,2178.0,1144,1034.0,1.585,1724,47,1.043,0.525,0.00031517,0.99968
809976033,Existing Customer,49,M,2,Uneducated,Married,$60K - $80K,Blue,44,6,3,0,7819.0,1560,6259.0,0.827,1582,25,0.786,0.2,6.8225e-05,0.99993
709398708,Existing Customer,40,M,3,High School,Divorced,$60K - $80K,Blue,36,3,1,2,16268.0,2517,13751.0,0.652,15925,124,0.824,0.155,5.5559e-05,0.99994
709469658,Existing Customer,47,M,3,Unknown,Single,$80K - $120K,Blue,36,3,1,2,7421.0,0,7421.0,0.708,4353,75,0.786,0.0,6.282e-05,0.99994
709479558,Existing Customer,36,F,4,College,Single,Less than $40K,Blue,36,3,2,1,2758.0,2168,590.0,1.046,3073,86,0.792,0.786,6.9988e-05,0.99993
710872233,Existing Customer,27,M,0,Unknown,Single,$40K - $60K,Blue,17,5,1,2,4610.0,0,4610.0,0.794,2280,49,0.4,0.0,5.1951e-05,0.99995
711542358,Existing Customer,42,F,4,High School,Married,Less than $40K,Gold,36,2,3,2,15987.0,1187,14800.0,0.597,7471,88,0.467,0.074,0.00021128,0.99979
773270058,Existing Customer,57,M,5,High School,Married,$80K - $120K,Blue,50,4,2,3,13427.0,0,13427.0,0.521,1337,27,0.588,0.0,0.00019213,0.99981
788633733,Existing Customer,36,M,3,Graduate,Married,$60K - $80K,Silver,13,4,3,2,28174.0,1173,27001.0,0.779,16258,108,0.714,0.042,0.00016865,0.99983
779499933,Existing Customer,46,M,5,Uneducated,Unknown,$80K - $120K,Blue,28,6,1,1,34516.0,1259,33257.0,0.671,4300,94,0.741,0.036,3.5257e-05,0.99996
716218908,Existing Customer,48,F,4,Doctorate,Single,Unknown,Blue,39,6,1,1,2845.0,919,1926.0,0.652,2635,43,1.263,0.323,5.0408e-05,0.99995
716733933,Existing Customer,42,F,2,High School,Married,Unknown,Blue,30,5,3,2,1898.0,725,1173.0,0.664,5051,64,1.065,0.382,0.00017486,0.99983
787974108,Attrited Customer,37,F,1,High School,Single,$40K - $60K,Blue,27,4,2,2,1793.0,792,1001.0,0.723,2374,40,0.429,0.442,0.99046,0.00954
719293533,Existing Customer,30,M,1,College,Single,Unknown,Blue,13,3,3,3,21590.0,2517,19073.0,0.813,2567,70,0.795,0.117,0.00027607,0.99972
714451833,Existing Customer,45,F,1,Doctorate,Single,Less than $40K,Blue,36,6,2,2,1438.3,0,1438.3,0.597,1431,34,0.545,0.0,0.0001546,0.99985
712453308,Existing Customer,46,M,4,High School,Divorced,$40K - $60K,Silver,36,2,2,3,15034.0,1356,13678.0,0.754,7737,84,0.75,0.09,0.00017635,0.99982
720302883,Existing Customer,53,F,3,Graduate,Married,Less than $40K,Blue,35,4,3,1,3390.0,2180,1210.0,0.877,4585,78,0.95,0.643,0.00011256,0.99989
712523283,Existing Customer,55,M,2,Unknown,Married,$120K +,Blue,41,4,3,2,14938.0,0,14938.0,0.49,1134,31,0.632,0.0,0.00019771,0.9998
788870283,Existing Customer,56,F,3,Graduate,Married,Less than $40K,Blue,41,5,4,1,1438.3,0,1438.3,0.796,3778,72,1.118,0.0,0.00013603,0.99986
827318958,Existing Customer,49,F,4,Unknown,Single,Less than $40K,Blue,45,5,3,2,9431.0,1785,7646.0,0.603,14261,99,0.65,0.189,0.00020735,0.99979
769095558,Existing Customer,59,M,1,Doctorate,Single,$60K - $80K,Blue,53,3,2,2,9055.0,1560,7495.0,0.696,1755,45,0.8,0.172,0.0001546,0.99985
717891558,Existing Customer,49,F,4,Graduate,Unknown,Less than $40K,Blue,36,6,4,2,3298.0,2200,1098.0,0.678,1052,32,0.6,0.667,0.00022797,0.99977
720242733,Existing Customer,45,M,4,Unknown,Single,Less than $40K,Blue,36,5,2,3,1963.0,1549,414.0,0.778,3718,75,0.596,0.789,0.00022068,0.99978
720445533,Existing Customer,60,F,1,College,Married,Less than $40K,Blue,53,4,3,3,3346.0,922,2424.0,0.913,1276,21,0.75,0.276,0.00027607,0.99972
711799458,Existing Customer,41,M,4,Graduate,Single,$40K - $60K,Blue,36,3,1,1,6507.0,1452,5055.0,0.802,4544,89,0.854,0.223,3.4833e-05,0.99997
716032233,Existing Customer,42,M,2,College,Married,$80K - $120K,Blue,32,5,2,2,22120.0,1805,20315.0,0.65,3981,65,0.667,0.082,0.00011066,0.99989
709679658,Existing Customer,58,F,2,Graduate,Single,$40K - $60K,Blue,50,4,3,3,5386.0,0,5386.0,0.777,4846,84,0.68,0.0,0.00030251,0.9997
720252858,Existing Customer,57,M,3,College,Single,$60K - $80K,Blue,36,6,3,2,10350.0,0,10350.0,0.826,3396,63,0.8,0.0,0.00018146,0.99982
711375558,Existing Customer,48,F,2,Uneducated,Single,$40K - $60K,Blue,34,2,3,1,3072.0,1734,1338.0,0.754,4540,78,0.857,0.564,0.00011153,0.99989
718274283,Existing Customer,35,M,3,College,Single,$60K - $80K,Blue,36,5,1,3,2780.0,0,2780.0,0.565,2469,67,0.811,0.0,9.3457e-05,0.99991
711291558,Existing Customer,27,M,0,Uneducated,Single,$60K - $80K,Blue,36,4,3,3,2464.0,0,2464.0,0.502,2636,50,0.429,0.0,0.00026692,0.99973
779993208,Existing Customer,38,F,2,Uneducated,Married,Less than $40K,Blue,28,3,3,3,7049.0,0,7049.0,0.988,1475,27,1.7,0.0,0.00031104,0.99969
716548083,Existing Customer,39,M,4,Graduate,Married,Less than $40K,Blue,32,4,1,4,2973.0,2360,613.0,1.257,2593,57,0.781,0.794,0.00016574,0.99983
710219658,Existing Customer,48,F,3,Doctorate,Married,Unknown,Blue,44,4,3,3,2021.0,1186,835.0,0.616,4633,74,0.574,0.587,0.0004542,0.99955
713705358,Existing Customer,37,M,2,Graduate,Single,$60K - $80K,Blue,28,2,6,1,7349.0,994,6355.0,0.864,13970,109,0.847,0.135,8.5631e-05,0.99991
716406483,Existing Customer,30,M,0,Unknown,Single,$60K - $80K,Blue,20,1,3,3,23760.0,1349,22411.0,0.961,13124,103,0.746,0.057,0.00028535,0.99971
712841883,Attrited Customer,50,M,3,College,Single,$80K - $120K,Silver,36,3,3,2,34516.0,2517,31999.0,0.735,7155,66,0.65,0.073,0.99394,0.00606
779130108,Attrited Customer,33,F,0,Uneducated,Single,$40K - $60K,Blue,15,3,2,6,1438.3,0,1438.3,0.835,2527,49,0.69,0.0,0.99886,0.0011409
710335983,Existing Customer,57,F,0,High School,Divorced,Less than $40K,Blue,36,5,1,3,3532.0,869,2663.0,1.038,4297,64,0.778,0.246,7.7279e-05,0.99992
767280633,Existing Customer,46,F,2,Graduate,Unknown,Less than $40K,Blue,39,5,2,2,3003.0,1454,1549.0,0.595,4378,96,0.548,0.484,0.00011382,0.99989
708162558,Existing Customer,64,F,0,Uneducated,Married,Unknown,Blue,54,6,1,2,3250.0,1992,1258.0,0.715,1355,36,0.565,0.613,4.8595e-05,0.99995
717972408,Existing Customer,44,M,2,Uneducated,Married,$80K - $120K,Blue,34,6,3,3,2558.0,2016,542.0,0.806,3792,78,0.5,0.788,0.00031104,0.99969
771799008,Existing Customer,61,F,1,Graduate,Married,Unknown,Blue,50,3,3,1,3359.0,1405,1954.0,0.684,4871,79,0.975,0.418,0.00010182,0.9999
719770158,Attrited Customer,54,F,3,Post-Graduate,Single,Less than $40K,Blue,49,1,4,3,8516.0,0,8516.0,0.549,2189,37,0.276,0.0,0.99777,0.00223444
815830083,Existing Customer,53,F,3,Uneducated,Single,Less than $40K,Blue,48,6,2,1,1953.0,1215,738.0,0.667,4253,72,0.8,0.622,7.3235e-05,0.99993
715178733,Existing Customer,47,F,2,Unknown,Single,Less than $40K,Blue,41,5,3,1,2289.0,1611,678.0,0.648,4817,77,0.75,0.704,0.00011924,0.99988
721074183,Existing Customer,49,M,1,Doctorate,Married,$60K - $80K,Blue,36,4,6,3,24159.0,1196,22963.0,0.712,1111,24,1.0,0.05,0.00032436,0.99968
709664658,Existing Customer,40,M,4,Unknown,Unknown,$80K - $120K,Blue,27,4,3,2,22863.0,927,21936.0,0.569,4071,69,0.725,0.041,0.00020735,0.99979
715469583,Existing Customer,40,F,2,Graduate,Unknown,$40K - $60K,Blue,36,3,1,2,2136.0,1250,886.0,0.74,7782,88,0.66,0.585,5.5077e-05,0.99994
785500533,Existing Customer,53,F,4,Unknown,Married,Less than $40K,Blue,47,3,2,2,2734.0,2085,649.0,0.764,4064,66,0.784,0.763,0.00013121,0.99987
719327808,Existing Customer,52,F,2,Uneducated,Married,Unknown,Blue,36,5,1,2,4006.0,2517,1489.0,0.557,1157,34,0.619,0.628,5.663e-05,0.99994
714171108,Existing Customer,48,F,3,Graduate,Divorced,$40K - $60K,Blue,39,6,2,3,2115.0,1141,974.0,0.616,1223,20,0.538,0.539,0.00019864,0.9998
718826883,Attrited Customer,50,M,3,Uneducated,Single,$80K - $120K,Blue,36,6,3,2,6925.0,0,6925.0,0.821,2506,36,0.44,0.0,0.99482,0.00518
711278283,Existing Customer,61,F,1,High School,Unknown,Less than $40K,Blue,50,5,1,2,8604.0,1075,7529.0,0.464,4705,65,0.806,0.125,5.0256e-05,0.99995
712487883,Attrited Customer,54,M,5,High School,Married,$80K - $120K,Blue,48,2,1,3,7464.0,0,7464.0,0.865,9071,74,1.0,0.0,0.98936,0.01064
717299958,Existing Customer,49,M,3,Graduate,Single,$80K - $120K,Blue,45,3,2,0,2453.0,1534,919.0,0.785,4185,66,0.784,0.625,4.3568e-05,0.99996
755615208,Existing Customer,49,M,3,High School,Single,$120K +,Blue,42,5,3,2,12630.0,1822,10808.0,0.947,4084,66,0.571,0.144,0.00018145,0.99982
718837683,Existing Customer,55,M,2,High School,Single,$120K +,Blue,49,6,3,4,3029.0,1505,1524.0,0.56,2394,50,0.471,0.497,0.00050163,0.9995
709703433,Existing Customer,47,M,3,Graduate,Married,$60K - $80K,Blue,38,4,1,2,21304.0,1532,19772.0,1.018,1770,25,0.923,0.072,5.7151e-05,0.99994
710482533,Existing Customer,26,M,0,Unknown,Married,$120K +,Blue,17,4,2,1,30928.0,2005,28923.0,0.52,3863,72,0.756,0.065,6.4745e-05,0.99994
719455908,Existing Customer,48,M,3,Graduate,Married,$80K - $120K,Blue,38,3,3,3,31501.0,0,31501.0,0.698,3742,75,0.786,0.0,0.0003139,0.99969
721378008,Existing Customer,31,M,0,Uneducated,Divorced,$40K - $60K,Blue,21,6,2,2,2621.0,1461,1160.0,0.775,2718,71,0.775,0.557,0.00010043,0.9999
720054183,Existing Customer,41,F,2,Graduate,Single,$40K - $60K,Blue,25,4,2,2,2768.0,2228,540.0,0.864,5112,86,0.87,0.805,0.00011382,0.99989
719169783,Existing Customer,52,F,2,Uneducated,Married,Less than $40K,Blue,43,3,3,3,6897.0,640,6257.0,1.052,2781,57,0.839,0.093,0.00031104,0.99969
714130233,Existing Customer,39,M,2,Unknown,Married,$60K - $80K,Blue,19,3,3,2,3047.0,2150,897.0,0.882,1602,37,1.312,0.706,0.00019771,0.9998
717296808,Existing Customer,67,F,1,Graduate,Married,Less than $40K,Blue,56,4,3,2,3006.0,2517,489.0,2.053,1661,32,1.0,0.837,0.00016883,0.99983
711453783,Existing Customer,41,F,3,Unknown,Single,Less than $40K,Blue,29,4,2,3,1966.0,1452,514.0,0.621,4666,74,0.682,0.739,0.00021834,0.99978
710360583,Existing Customer,46,M,2,Uneducated,Single,$60K - $80K,Blue,35,1,1,0,8396.0,604,7792.0,0.827,8329,101,0.656,0.072,2.0889e-05,0.99998
778433283,Attrited Customer,51,M,3,High School,Married,$60K - $80K,Blue,31,3,3,3,8989.0,0,8989.0,0.47,2031,53,1.038,0.0,0.99673,0.00326528
802460433,Attrited Customer,57,F,3,High School,Married,Unknown,Blue,51,2,5,2,1438.3,0,1438.3,0.733,2607,37,0.609,0.0,0.99509,0.00490915
712350858,Existing Customer,41,M,2,High School,Married,$80K - $120K,Blue,24,4,1,3,9366.0,1104,8262.0,0.572,1303,39,0.625,0.118,9.0056e-05,0.99991
709407933,Existing Customer,51,M,3,High School,Single,$80K - $120K,Silver,38,5,3,4,34516.0,1802,32714.0,0.912,4544,80,0.569,0.052,0.00047034,0.99953
719059083,Existing Customer,45,F,3,High School,Unknown,Less than $40K,Blue,33,5,1,1,6225.0,1596,4629.0,0.826,4129,71,0.651,0.256,3.3505e-05,0.99997
803380383,Existing Customer,46,F,5,Graduate,Divorced,Less than $40K,Blue,40,3,3,3,1592.0,925,667.0,0.804,4615,90,0.667,0.581,0.00031231,0.99969
713856708,Existing Customer,48,M,4,High School,Married,$80K - $120K,Blue,36,5,1,2,6798.0,2517,4281.0,0.873,4327,79,0.881,0.37,5.6153e-05,0.99994
718264233,Existing Customer,29,M,0,High School,Married,$40K - $60K,Blue,13,4,1,4,1458.0,671,787.0,1.583,2449,56,0.931,0.46,0.00013184,0.99987
710232483,Existing Customer,49,F,1,Uneducated,Married,Unknown,Blue,36,2,3,2,19846.0,2162,17684.0,0.602,16908,122,0.694,0.109,0.0001736,0.99983
712349808,Existing Customer,44,F,4,College,Single,Unknown,Blue,34,4,1,2,12310.0,670,11640.0,0.801,4176,76,0.767,0.054,5.6158e-05,0.99994
720963258,Attrited Customer,52,F,3,College,Married,Less than $40K,Blue,40,3,2,3,3474.0,0,3474.0,0.735,2675,37,0.48,0.0,0.99485,0.00515
809990883,Existing Customer,48,F,3,Graduate,Single,Less than $40K,Blue,43,6,2,2,2423.0,1773,650.0,0.574,2038,64,0.362,0.732,0.00011811,0.99988
709122483,Existing Customer,56,M,3,Graduate,Married,$60K - $80K,Blue,37,3,3,0,2783.0,1526,1257.0,0.942,1909,54,0.688,0.548,6.8853e-05,0.99993
768612258,Existing Customer,52,F,3,Unknown,Single,Less than $40K,Blue,46,3,3,3,2700.0,1623,1077.0,0.848,4171,78,0.814,0.601,0.00034503,0.99965
802464033,Existing Customer,65,F,0,Graduate,Married,Less than $40K,Blue,56,6,3,3,4460.0,1262,3198.0,0.898,1877,41,0.783,0.283,0.0002596,0.99974
718707933,Attrited Customer,54,M,2,Uneducated,Married,$60K - $80K,Blue,35,4,3,4,2189.0,382,1807.0,0.884,2750,51,0.594,0.175,0.99812,0.00188031
717730533,Existing Customer,32,M,0,Graduate,Single,$40K - $60K,Blue,21,6,1,3,1614.0,925,689.0,0.598,2659,63,0.75,0.573,7.9494e-05,0.99992
717346833,Existing Customer,44,F,3,Graduate,Married,Less than $40K,Blue,33,3,2,2,1621.0,0,1621.0,0.603,3764,76,0.52,0.0,0.00011811,0.99988
783500283,Existing Customer,62,M,0,Graduate,Unknown,$80K - $120K,Blue,56,5,3,2,29100.0,1228,27872.0,0.722,5041,74,0.805,0.042,0.00015435,0.99985
720470133,Existing Customer,59,M,0,Graduate,Single,Less than $40K,Blue,36,5,3,3,3604.0,1483,2121.0,0.597,4576,87,0.706,0.411,0.0002596,0.99974
710612583,Existing Customer,52,M,4,High School,Unknown,$60K - $80K,Blue,36,6,3,2,2597.0,1740,857.0,0.71,5037,80,0.778,0.67,0.00018339,0.99982
710858658,Existing Customer,48,F,4,Doctorate,Divorced,Less than $40K,Silver,38,2,1,2,10610.0,0,10610.0,0.664,15050,108,0.742,0.0,7.5527e-05,0.99992
709611183,Attrited Customer,41,F,3,High School,Married,Less than $40K,Blue,31,3,3,3,3952.0,0,3952.0,1.002,8241,82,0.952,0.0,0.99673,0.00326528
715209333,Existing Customer,32,M,0,High School,Single,$60K - $80K,Blue,36,1,1,1,6224.0,1965,4259.0,0.739,13630,124,0.699,0.316,2.7707e-05,0.99997
712685733,Existing Customer,57,F,3,Unknown,Single,Unknown,Silver,36,6,3,2,34516.0,1698,32818.0,0.823,3498,68,0.619,0.049,0.00018538,0.99981
714443058,Attrited Customer,43,F,4,College,Married,Less than $40K,Blue,28,5,2,4,1484.0,0,1484.0,0.2,1664,39,0.5,0.0,0.99701,0.00299329
714677583,Attrited Customer,50,F,3,Doctorate,Single,Unknown,Blue,36,4,3,3,5173.0,0,5173.0,0.912,8757,68,0.789,0.0,0.9978,0.00219584
710443833,Existing Customer,50,M,2,Unknown,Single,$120K +,Blue,38,4,4,2,2123.0,995,1128.0,0.626,4516,78,0.625,0.469,0.00023893,0.99976
720017958,Existing Customer,48,F,4,Unknown,Single,$40K - $60K,Blue,36,1,1,2,6121.0,1679,4442.0,0.705,14224,117,0.887,0.274,6.3492e-05,0.99994
713739708,Existing Customer,61,M,0,High School,Single,$60K - $80K,Blue,53,1,3,3,2415.0,2050,365.0,0.499,4479,71,0.69,0.849,0.00025237,0.99975
718698558,Existing Customer,43,M,3,College,Single,$80K - $120K,Blue,34,2,2,2,5390.0,1324,4066.0,0.611,7739,106,0.472,0.246,0.00011483,0.99989
720874983,Existing Customer,51,M,3,Uneducated,Married,$80K - $120K,Silver,37,1,2,1,34516.0,0,34516.0,0.814,8736,97,0.702,0.0,6.6172e-05,0.99993
771617883,Existing Customer,54,F,2,High School,Single,$40K - $60K,Blue,42,1,2,2,2205.0,1313,892.0,0.929,4904,82,0.673,0.595,0.00011065,0.99989
718548558,Existing Customer,53,F,3,Unknown,Single,Less than $40K,Blue,42,1,1,3,2915.0,2041,874.0,0.927,4272,70,0.75,0.7,0.00010566,0.99989
816033783,Existing Customer,26,M,0,High School,Single,$60K - $80K,Blue,21,6,2,3,1672.0,957,715.0,0.576,2099,34,0.417,0.572,0.0001597,0.99984
718913358,Attrited Customer,36,M,2,Graduate,Single,Less than $40K,Blue,36,3,3,3,4225.0,2517,1708.0,0.662,2659,43,0.387,0.596,0.99671,0.00329379
710637183,Existing Customer,48,F,4,Graduate,Single,Unknown,Blue,40,3,3,3,2300.0,1906,394.0,0.803,4538,71,0.868,0.829,0.00031726,0.99968
819688458,Attrited Customer,44,F,5,Graduate,Unknown,Less than $40K,Blue,39,6,3,2,1545.0,0,1545.0,0.749,2646,39,0.444,0.0,0.99464,0.00536
714566133,Existing Customer,60,F,2,Graduate,Married,Less than $40K,Blue,36,1,2,2,3239.0,2356,883.0,0.621,4621,91,0.75,0.727,0.00011382,0.99989
716704158,Existing Customer,50,M,1,Doctorate,Married,$120K +,Blue,39,2,3,2,34516.0,2517,31999.0,0.778,8087,86,0.509,0.073,0.00024431,0.99976
719882583,Existing Customer,44,M,5,Graduate,Single,$60K - $80K,Blue,34,3,3,5,13477.0,2057,11420.0,0.684,3866,67,0.634,0.153,0.00092152,0.99908
770783508,Existing Customer,48,M,3,Graduate,Divorced,$60K - $80K,Blue,34,6,3,2,11062.0,0,11062.0,0.761,4084,72,0.8,0.0,0.00018665,0.99981
818235408,Existing Customer,30,M,0,College,Married,$60K - $80K,Blue,25,2,3,1,19534.0,0,19534.0,0.616,15634,118,0.639,0.0,9.0501e-05,0.99991
817240833,Existing Customer,51,F,2,Graduate,Single,Less than $40K,Blue,36,4,3,1,4970.0,1591,3379.0,0.738,5023,78,0.733,0.32,0.00010848,0.99989
709719333,Existing Customer,41,M,2,High School,Single,$80K - $120K,Blue,29,6,3,4,28422.0,1258,27164.0,0.672,4841,80,0.6,0.044,0.00050163,0.9995
826783233,Existing Customer,57,F,3,High School,Single,Less than $40K,Blue,53,1,3,2,3029.0,2214,815.0,0.7,4750,89,0.978,0.731,0.00018145,0.99982
708426483,Existing Customer,56,F,2,Graduate,Single,Less than $40K,Blue,36,4,6,1,5816.0,716,5100.0,0.923,3534,73,1.147,0.123,8.5631e-05,0.99991
789528183,Existing Customer,39,F,2,Graduate,Married,Unknown,Blue,31,4,2,3,1438.3,997,441.3,1.867,2583,47,0.958,0.693,0.00019143,0.99981
711122958,Attrited Customer,41,F,3,Graduate,Single,Less than $40K,Blue,33,5,3,3,1764.0,0,1764.0,0.552,2105,57,0.839,0.0,0.99683,0.00317458
779722308,Attrited Customer,45,F,3,High School,Married,$40K - $60K,Blue,30,5,2,2,12355.0,0,12355.0,0.912,1044,28,0.273,0.0,0.99137,0.00863
752944533,Existing Customer,45,F,5,High School,Married,Less than $40K,Blue,34,4,1,2,2030.0,1269,761.0,0.646,5067,88,0.725,0.625,5.5277e-05,0.99994
716373483,Attrited Customer,48,F,5,Graduate,Married,Less than $40K,Blue,40,4,3,2,2860.0,2517,343.0,0.38,1544,45,0.364,0.88,0.99464,0.00536
708748833,Existing Customer,37,F,3,Graduate,Single,$40K - $60K,Blue,25,2,2,3,9875.0,1239,8636.0,0.939,8920,105,0.694,0.125,0.00019864,0.9998
717949008,Attrited Customer,40,F,4,High School,Single,$40K - $60K,Blue,29,5,2,3,1554.0,412,1142.0,0.568,2341,43,0.483,0.265,0.9949,0.0051
708880683,Existing Customer,49,M,5,College,Married,$40K - $60K,Blue,40,4,3,4,3970.0,892,3078.0,0.772,13697,102,0.759,0.225,0.00051793,0.99948
789337233,Existing Customer,63,M,1,Graduate,Married,$40K - $60K,Blue,53,6,6,2,2880.0,2362,518.0,0.89,1323,26,0.444,0.82,0.00013328,0.99987
712902483,Existing Customer,35,M,3,High School,Married,$60K - $80K,Blue,24,3,2,2,2066.0,1699,367.0,0.624,1895,43,0.536,0.822,0.00011482,0.99989
716124408,Attrited Customer,32,M,2,Graduate,Single,$120K +,Gold,22,2,2,3,34516.0,1692,32824.0,0.983,7486,64,0.73,0.049,0.99549,0.00451271
713281833,Attrited Customer,37,M,3,Unknown,Single,$40K - $60K,Blue,29,6,2,3,13589.0,2517,11072.0,0.941,9456,79,1.026,0.185,0.99544,0.00455805
712210458,Existing Customer,38,M,1,Uneducated,Single,$40K - $60K,Blue,36,2,3,2,5639.0,1558,4081.0,0.614,16628,109,0.946,0.276,0.0001736,0.99983
710630583,Existing Customer,47,M,3,High School,Single,$60K - $80K,Blue,39,2,1,1,2843.0,1752,1091.0,0.624,3738,77,0.604,0.616,3.3505e-05,0.99997
719816583,Attrited Customer,46,M,3,Doctorate,Married,$120K +,Blue,38,3,2,2,8989.0,552,8437.0,0.699,2309,49,0.633,0.061,0.99418,0.00582
807379833,Attrited Customer,48,M,3,Graduate,Divorced,$40K - $60K,Blue,43,2,3,3,9104.0,145,8959.0,0.765,2563,34,0.417,0.016,0.99683,0.00317458
796083783,Attrited Customer,55,F,2,College,Single,Unknown,Blue,49,1,0,6,1438.3,0,1438.3,0.608,2278,57,0.727,0.0,0.99424,0.00576
709061658,Existing Customer,44,F,1,Graduate,Single,Less than $40K,Blue,31,2,2,3,1550.0,716,834.0,0.749,4534,87,0.977,0.462,0.00017969,0.99982
714532158,Existing Customer,55,M,1,Doctorate,Single,$60K - $80K,Blue,36,3,3,3,15221.0,1166,14055.0,0.839,3848,68,0.619,0.077,0.00041087,0.99959
718115733,Existing Customer,57,M,1,Graduate,Married,$60K - $80K,Blue,36,4,1,3,9037.0,1544,7493.0,0.321,1627,27,0.5,0.171,8.6952e-05,0.99991
716933283,Existing Customer,52,M,2,High School,Single,$60K - $80K,Gold,39,4,1,1,34516.0,1882,32634.0,0.743,14738,116,0.758,0.055,3.72e-05,0.99996
710428308,Existing Customer,55,M,4,High School,Single,$60K - $80K,Blue,51,4,1,4,2001.0,1553,448.0,0.482,1910,51,0.7,0.776,0.00016112,0.99984
720234708,Attrited Customer,45,M,2,High School,Single,$120K +,Blue,33,6,3,2,15490.0,0,15490.0,0.742,2429,50,0.471,0.0,0.99431,0.00569
774588633,Existing Customer,45,F,3,Graduate,Single,Less than $40K,Blue,39,2,2,3,1438.3,0,1438.3,0.81,4928,84,0.909,0.0,0.00019864,0.9998
714574083,Existing Customer,36,F,3,Graduate,Single,Less than $40K,Blue,31,3,2,3,2937.0,2159,778.0,0.67,2511,51,0.7,0.735,0.00019864,0.9998
789601308,Existing Customer,58,M,3,Unknown,Married,$120K +,Blue,52,4,5,3,12398.0,0,12398.0,0.785,4228,93,0.788,0.0,0.00038536,0.99961
713948808,Existing Customer,55,M,3,High School,Single,$60K - $80K,Blue,47,3,2,2,1602.0,962,640.0,0.834,4873,97,0.764,0.6,0.00011482,0.99989
817686633,Existing Customer,26,F,1,College,Single,Less than $40K,Blue,15,5,2,4,1438.3,737,701.3,0.806,2856,39,0.5,0.512,0.00029801,0.9997
717401883,Existing Customer,35,M,3,Uneducated,Married,$60K - $80K,Blue,22,5,2,2,6985.0,1130,5855.0,0.963,1694,44,0.76,0.162,0.00012144,0.99988
771244383,Existing Customer,52,F,1,College,Unknown,Less than $40K,Blue,39,1,2,1,8506.0,0,8506.0,0.719,14289,113,0.638,0.0,6.2639e-05,0.99994
720660558,Existing Customer,50,M,2,Uneducated,Married,$120K +,Blue,36,4,3,4,23911.0,2100,21811.0,0.988,4770,89,0.712,0.088,0.00053055,0.99947
714389883,Existing Customer,45,M,4,Graduate,Single,$80K - $120K,Blue,36,6,3,1,8063.0,1485,6578.0,0.872,4275,77,0.833,0.184,0.00011377,0.99989
719136183,Existing Customer,48,F,3,Uneducated,Married,Less than $40K,Blue,38,6,1,3,3541.0,1444,2097.0,0.664,3410,69,0.683,0.408,9.8837e-05,0.9999
710695083,Existing Customer,44,M,3,College,Single,$60K - $80K,Silver,32,4,1,3,28397.0,1421,26976.0,0.635,1635,31,0.824,0.05,8.4444e-05,0.99992
720753183,Existing Customer,48,M,2,Post-Graduate,Married,$40K - $60K,Blue,36,4,3,2,9617.0,2035,7582.0,1.004,4247,76,0.854,0.212,0.00021165,0.99979
801369258,Existing Customer,47,F,5,Post-Graduate,Married,$40K - $60K,Blue,41,6,2,2,4466.0,777,3689.0,1.02,1757,59,0.595,0.174,0.00013827,0.99986
711614658,Existing Customer,37,F,2,Uneducated,Single,Less than $40K,Blue,30,6,3,3,2258.0,1338,920.0,0.86,2511,55,0.774,0.593,0.00031104,0.99969
708151008,Existing Customer,49,F,4,Graduate,Married,$40K - $60K,Blue,41,5,1,2,6250.0,644,5606.0,1.06,2433,41,1.158,0.103,5.7762e-05,0.99994
751143858,Existing Customer,59,F,1,High School,Single,Unknown,Blue,52,2,1,1,7427.0,2421,5006.0,0.701,4636,91,0.82,0.326,3.0307e-05,0.99997
711688158,Existing Customer,47,M,5,Graduate,Single,$120K +,Blue,27,5,3,4,11760.0,2306,9454.0,0.616,1498,49,0.96,0.196,0.00053272,0.99947
713593683,Existing Customer,43,F,3,Graduate,Married,$40K - $60K,Blue,28,5,3,3,11155.0,1583,9572.0,1.061,3504,60,0.765,0.142,0.0003139,0.99969
710077008,Existing Customer,43,M,2,Uneducated,Single,$120K +,Blue,33,5,3,1,30137.0,1368,28769.0,0.721,3522,74,0.897,0.045,0.00011153,0.99989
751150233,Existing Customer,43,M,5,Graduate,Single,Less than $40K,Blue,36,3,2,2,1438.3,0,1438.3,0.644,4459,65,0.477,0.0,0.00011751,0.99988
713115483,Attrited Customer,44,F,3,Uneducated,Married,Less than $40K,Blue,36,6,3,3,1684.0,0,1684.0,0.557,2275,45,0.607,0.0,0.99691,0.00308778
713519508,Existing Customer,47,M,4,High School,Divorced,$60K - $80K,Blue,36,1,1,1,1983.0,989,994.0,0.726,5065,80,0.667,0.499,3.3863e-05,0.99997
772846383,Existing Customer,45,F,1,Unknown,Single,Less than $40K,Blue,36,3,4,1,2632.0,1480,1152.0,0.588,4787,89,0.679,0.562,0.00013526,0.99986
721179708,Existing Customer,48,F,2,Unknown,Married,Less than $40K,Blue,37,4,2,3,5758.0,0,5758.0,0.433,4422,76,0.407,0.0,0.00021042,0.99979
766381908,Existing Customer,49,F,4,High School,Married,Less than $40K,Blue,42,4,1,4,2473.0,1263,1210.0,0.71,4597,80,0.6,0.511,0.00016112,0.99984
718045008,Attrited Customer,31,M,0,Post-Graduate,Married,Less than $40K,Blue,21,1,2,2,3768.0,0,3768.0,0.799,6639,71,1.152,0.0,0.99137,0.00863
710740008,Existing Customer,57,M,1,Graduate,Unknown,$80K - $120K,Blue,39,3,1,1,1438.3,641,797.3,0.66,5140,82,0.519,0.446,3.1176e-05,0.99997
712664658,Attrited Customer,35,F,1,Graduate,Single,Less than $40K,Blue,30,2,2,2,1649.0,0,1649.0,0.683,2549,54,0.588,0.0,0.99073,0.00927
770968383,Attrited Customer,41,M,4,Graduate,Married,$80K - $120K,Silver,28,3,2,3,34516.0,825,33691.0,0.616,2022,52,0.733,0.024,0.99452,0.00548
713096583,Attrited Customer,40,F,1,High School,Single,Less than $40K,Blue,36,4,3,2,1438.3,544,894.3,0.543,2294,40,0.739,0.378,0.99395,0.00605
778780008,Existing Customer,48,M,4,Unknown,Married,$60K - $80K,Blue,36,4,3,3,1622.0,1249,373.0,0.585,4164,66,0.61,0.77,0.00034872,0.99965
712559058,Existing Customer,54,M,0,High School,Single,$80K - $120K,Blue,45,1,3,2,20882.0,1525,19357.0,0.828,4765,76,0.767,0.073,0.00015005,0.99985
719916408,Existing Customer,34,M,5,Graduate,Married,$60K - $80K,Blue,27,5,2,2,2501.0,1909,592.0,0.956,1850,34,1.125,0.763,0.00011751,0.99988
715493733,Attrited Customer,53,M,2,Graduate,Married,$40K - $60K,Blue,36,2,3,4,5735.0,0,5735.0,1.009,9088,64,0.684,0.0,0.99807,0.00193323
758076408,Existing Customer,50,M,2,Unknown,Single,$40K - $60K,Blue,43,2,1,3,1857.0,1603,254.0,0.579,1590,43,1.263,0.863,0.00010183,0.9999
709137558,Existing Customer,52,M,0,Uneducated,Unknown,$80K - $120K,Blue,36,6,4,4,5395.0,2084,3311.0,0.798,4689,69,0.725,0.386,0.00055021,0.99945
757675158,Existing Customer,47,F,4,Post-Graduate,Divorced,$40K - $60K,Blue,40,2,2,3,2725.0,1851,874.0,0.687,4904,85,0.7,0.679,0.00023623,0.99976
772277508,Existing Customer,65,F,1,Unknown,Single,Less than $40K,Blue,54,4,2,2,2209.0,0,2209.0,1.299,3292,52,0.857,0.0,0.00011743,0.99988
711183558,Existing Customer,49,M,0,High School,Single,$80K - $120K,Blue,39,2,1,3,2221.0,1291,930.0,0.785,8618,98,0.815,0.581,7.7279e-05,0.99992
813261408,Existing Customer,52,F,1,Uneducated,Married,$40K - $60K,Blue,47,6,3,3,2151.0,1338,813.0,0.926,3446,58,1.0,0.622,0.00029196,0.99971
790204983,Existing Customer,46,F,2,Graduate,Married,Unknown,Blue,40,4,5,3,3131.0,0,3131.0,0.811,4507,93,0.632,0.0,0.00033787,0.99966
710387583,Existing Customer,55,M,0,High School,Married,$80K - $120K,Blue,35,5,1,4,3864.0,1901,1963.0,0.289,1018,32,0.391,0.492,0.00013184,0.99987
717545808,Existing Customer,44,F,4,Post-Graduate,Single,Less than $40K,Blue,32,3,1,2,2900.0,1987,913.0,0.667,4549,70,0.75,0.685,6.7967e-05,0.99993
712000758,Existing Customer,51,M,4,Uneducated,Single,$120K +,Silver,39,5,2,1,34516.0,1959,32557.0,0.888,3997,54,0.929,0.057,6.6879e-05,0.99993
721175283,Existing Customer,59,F,1,Graduate,Married,Less than $40K,Blue,36,3,1,1,2697.0,1410,1287.0,0.925,4489,58,0.706,0.523,3.1176e-05,0.99997
719453283,Existing Customer,45,F,2,Uneducated,Married,Less than $40K,Blue,36,3,4,3,2918.0,1597,1321.0,0.884,4454,76,0.9,0.547,0.00037588,0.99962
709682658,Existing Customer,37,F,4,High School,Single,$40K - $60K,Blue,36,5,3,1,3093.0,2517,576.0,0.855,1371,23,0.917,0.814,0.0001106,0.99989
717602733,Existing Customer,47,M,3,Doctorate,Single,Less than $40K,Blue,35,4,3,2,1842.0,0,1842.0,0.726,4165,67,0.634,0.0,0.00027008,0.99973
709465758,Existing Customer,62,F,1,Post-Graduate,Married,Less than $40K,Blue,53,3,1,3,1438.3,0,1438.3,0.699,902,31,0.409,0.0,0.00010231,0.9999
708644208,Existing Customer,39,F,2,Graduate,Single,$40K - $60K,Blue,34,5,2,4,5858.0,0,5858.0,0.853,3355,77,0.604,0.0,0.00032656,0.99967
709164408,Attrited Customer,32,M,1,Uneducated,Married,Less than $40K,Blue,23,1,3,3,2218.0,1696,522.0,0.367,730,20,0.429,0.765,0.99659,0.00341249
716924958,Attrited Customer,65,F,2,Graduate,Single,Less than $40K,Blue,56,3,0,3,6812.0,1926,4886.0,0.735,2288,48,0.778,0.283,0.97166,0.02834
719373558,Existing Customer,42,F,3,Unknown,Single,Less than $40K,Blue,36,6,1,1,6275.0,0,6275.0,0.79,4308,75,0.786,0.0,3.7884e-05,0.99996
716298633,Existing Customer,56,F,1,Graduate,Single,Less than $40K,Blue,47,5,2,3,2086.0,1792,294.0,0.859,5774,84,0.909,0.859,0.00017969,0.99982
716247708,Existing Customer,51,M,4,College,Single,$120K +,Gold,33,2,2,2,34516.0,1848,32668.0,0.775,14149,103,0.689,0.054,0.00013371,0.99987
711535158,Attrited Customer,46,F,1,College,Unknown,Unknown,Blue,35,5,3,3,2197.0,461,1736.0,0.636,1955,42,0.448,0.21,0.99639,0.00360825
788677533,Existing Customer,44,M,4,Unknown,Married,$120K +,Blue,31,4,3,4,34516.0,1197,33319.0,0.669,1594,43,1.15,0.035,0.0005948,0.99941
719991783,Existing Customer,40,M,2,High School,Married,$80K - $120K,Silver,36,5,3,0,34516.0,2183,32333.0,0.739,3644,67,0.634,0.063,5.8284e-05,0.99994
720618033,Existing Customer,43,F,3,College,Married,$40K - $60K,Blue,36,1,3,2,9633.0,0,9633.0,0.638,14829,90,0.8,0.0,0.00018146,0.99982
708219858,Existing Customer,39,M,2,Graduate,Single,$40K - $60K,Blue,26,6,3,2,6423.0,0,6423.0,1.051,4295,70,0.795,0.0,0.00017987,0.99982
716609433,Attrited Customer,55,M,2,High School,Divorced,$120K +,Blue,46,5,3,2,16828.0,2517,14311.0,1.059,4939,63,0.465,0.15,0.99431,0.00569
716520033,Existing Customer,52,M,2,Post-Graduate,Married,$80K - $120K,Blue,36,6,4,1,1981.0,1448,533.0,0.723,4639,61,0.743,0.731,0.00015426,0.99985
806947308,Attrited Customer,40,M,4,Post-Graduate,Married,$60K - $80K,Blue,35,3,4,3,20178.0,1553,18625.0,0.324,1735,44,0.375,0.077,0.99779,0.00221086
713476758,Existing Customer,44,M,4,Unknown,Married,$60K - $80K,Blue,32,4,1,1,10007.0,1586,8421.0,0.921,4309,77,0.711,0.158,3.8289e-05,0.99996
814092858,Existing Customer,49,F,3,Graduate,Unknown,Unknown,Blue,44,5,2,1,2222.0,694,1528.0,0.903,4372,65,0.711,0.312,7.1226e-05,0.99993
710023233,Existing Customer,36,M,3,Graduate,Single,$120K +,Blue,36,6,2,4,24457.0,1300,23157.0,0.914,2739,65,0.912,0.053,0.00033886,0.99966
770871708,Existing Customer,62,M,0,Graduate,Married,$40K - $60K,Blue,48,5,1,5,2591.0,0,2591.0,0.601,2123,56,0.697,0.0,0.00023467,0.99977
788808633,Existing Customer,43,M,3,Graduate,Married,$80K - $120K,Blue,26,5,3,2,2355.0,1090,1265.0,0.751,1441,29,0.812,0.463,0.00018665,0.99981
771335358,Existing Customer,37,M,2,College,Divorced,$40K - $60K,Blue,24,3,3,4,8120.0,2098,6022.0,0.826,3161,54,0.688,0.258,0.00050168,0.9995
